Year,Player,Pos,Age,Tm,G,GS,MP,FG,FGA,FGP,3P,3PA,3PP,2P,2PA,2PP,eFGP,FT,FTA,FTP,ORB,DRB,TRB,AST,STL,BLK,TOV,PF,PTS
2020,Steven Adams,C,26,OKC,49,49,27.0,4.4,7.6,.583,0.0,0.1,.333,4.4,7.6,.585,.584,1.8,3.0,.588,3.3,6.0,9.3,2.6,0.7,1.1,1.5,2.0,10.7
2020,Bam Adebayo,PF,22,MIA,54,54,34.5,6.2,10.7,.579,0.0,0.2,.091,6.2,10.5,.588,.580,3.4,5.1,.681,2.6,7.8,10.4,4.9,1.2,1.2,2.7,2.4,15.8
2020,LaMarcus Aldridge,C,34,SAS,50,50,33.2,7.4,14.9,.501,1.2,2.9,.407,6.3,12.0,.523,.540,3.0,3.6,.830,2.0,5.6,7.6,2.4,0.6,1.6,1.4,2.4,19.1
2020,Nickeil Alexander-Walker,SG,21,NOP,41,0,12.2,1.9,5.5,.339,1.0,2.9,.342,0.9,2.7,.336,.427,0.4,0.7,.607,0.2,1.8,2.0,1.8,0.3,0.2,1.0,1.1,5.1
2020,Grayson Allen,SG,24,MEM,30,0,16.6,2.6,5.9,.449,1.1,3.0,.363,1.5,2.8,.541,.543,1.0,1.2,.857,0.2,2.0,2.2,1.4,0.2,0.0,0.8,1.2,7.4
2020,Jarrett Allen,C,21,BRK,53,49,26.6,4.3,6.7,.641,0.0,0.1,.000,4.3,6.6,.651,.641,2.4,3.8,.631,3.1,6.6,9.7,1.4,0.6,1.5,1.1,2.4,11.1
2020,Kadeem Allen,SG,27,NYK,10,0,11.7,1.9,4.4,.432,0.5,1.6,.313,1.4,2.8,.500,.489,0.7,1.1,.636,0.2,0.7,0.9,2.1,0.5,0.2,0.8,0.7,5.0
2020,Al-Farouq Aminu,PF,29,ORL,18,2,21.1,1.4,4.8,.291,0.5,2.0,.250,0.9,2.8,.320,.343,1.1,1.6,.655,1.3,3.5,4.8,1.2,1.0,0.4,0.9,1.5,4.3
2020,Justin Anderson,SF,26,BRK,3,0,5.7,0.3,2.0,.167,0.0,1.0,.000,0.3,1.0,.333,.167,0.3,0.7,.500,0.0,0.7,0.7,0.0,0.0,0.3,0.0,0.7,1.0
2020,Kyle Anderson,PF,26,MEM,48,9,18.1,2.2,4.4,.498,0.2,0.9,.195,2.0,3.6,.570,.516,0.7,1.1,.648,0.9,3.2,4.1,2.1,0.8,0.5,0.9,1.5,5.3
2020,Ryan Anderson,PF,31,HOU,2,0,7.0,1.0,3.5,.286,0.5,2.5,.200,0.5,1.0,.500,.357,0.0,0.0,,0.0,3.5,3.5,1.0,0.5,0.0,0.5,0.5,2.5
2020,Giannis Antetokounmpo,PF,25,MIL,48,48,30.9,11.0,20.1,.549,1.5,4.9,.313,9.5,15.2,.625,.587,6.4,10.4,.614,2.5,11.0,13.5,5.8,1.1,1.1,3.7,3.1,30.0
2020,Kostas Antetokounmpo,PF,22,LAL,3,0,1.7,0.0,0.0,,0.0,0.0,,0.0,0.0,,,0.0,0.0,,0.0,0.3,0.3,0.3,0.0,0.0,0.0,0.0,0.0
2020,Thanasis Antetokounmpo,SF,27,MIL,15,1,4.1,0.9,1.5,.565,0.0,0.2,.000,0.9,1.3,.650,.565,0.3,0.6,.444,0.4,0.1,0.5,0.4,0.1,0.1,0.3,0.6,2.0
2020,Carmelo Anthony,PF,35,POR,40,40,32.5,5.8,13.9,.414,1.4,3.9,.350,4.4,10.0,.439,.463,2.2,2.6,.837,1.3,5.3,6.6,1.5,0.8,0.5,1.8,3.0,15.1
2020,OG Anunoby,SF,22,TOR,54,53,29.1,4.1,8.2,.499,1.3,3.4,.372,2.8,4.8,.588,.576,0.8,1.2,.662,1.1,4.3,5.4,1.5,1.2,0.6,1.2,2.4,10.2
2020,Ryan Arcidiacono,PG,25,CHI,51,0,15.0,1.5,3.5,.411,0.9,2.2,.407,0.5,1.3,.418,.539,0.4,0.5,.714,0.3,1.4,1.7,1.5,0.4,0.1,0.6,1.6,4.2
2020,Trevor Ariza,SF,34,TOT,43,11,26.5,2.4,5.7,.427,1.3,3.7,.363,1.1,2.0,.547,.545,0.8,1.0,.833,0.7,3.9,4.6,1.6,1.3,0.3,0.9,2.0,7.0
2020,Trevor Ariza,SF,34,SAC,32,0,24.7,2.0,5.2,.388,1.3,3.8,.352,0.7,1.3,.488,.518,0.7,0.8,.778,0.7,3.9,4.6,1.6,1.1,0.2,0.9,2.0,6.0
2020,Trevor Ariza,SF,34,POR,11,11,31.5,3.7,7.4,.506,1.4,3.5,.395,2.4,3.9,.605,.599,1.3,1.4,.933,0.6,3.9,4.5,1.7,1.7,0.4,0.8,2.2,10.1
2020,D.J. Augustin,PG,32,ORL,39,6,26.0,3.3,8.4,.393,1.2,3.5,.346,2.1,4.9,.426,.465,2.9,3.3,.877,0.4,2.1,2.4,4.7,0.7,0.0,1.4,1.1,10.7
2020,Deandre Ayton,C,21,PHO,23,18,33.0,8.4,15.6,.539,0.0,0.1,.000,8.4,15.5,.542,.539,2.0,2.4,.804,4.0,8.0,12.0,2.2,0.7,1.6,1.9,3.1,18.7
2020,Dwayne Bacon,SG,24,CHO,39,11,17.6,2.2,6.3,.348,0.5,1.7,.284,1.7,4.5,.373,.387,0.9,1.4,.660,0.4,2.2,2.6,1.3,0.6,0.1,0.9,1.3,5.7
2020,Marvin Bagley,PF,20,SAC,13,6,25.7,6.0,12.8,.467,0.3,1.7,.182,5.7,11.2,.510,.479,1.9,2.4,.806,2.2,5.2,7.5,0.8,0.5,0.9,1.4,3.3,14.2
2020,Lonzo Ball,PG,22,NOP,47,38,32.0,4.4,11.1,.400,2.4,6.4,.366,2.1,4.7,.445,.506,0.6,1.1,.566,1.1,4.9,6.1,6.7,1.3,0.5,3.0,2.0,11.9
2020,Mo Bamba,C,21,ORL,50,0,14.9,2.2,4.7,.468,0.6,1.7,.337,1.6,3.0,.543,.530,0.4,0.6,.688,1.5,3.5,5.0,0.7,0.4,1.4,0.8,1.9,5.5
2020,J.J. Barea,PG,35,DAL,17,4,15.5,3.4,7.5,.453,1.4,2.9,.460,2.1,4.6,.449,.543,0.8,0.8,1.000,0.5,1.5,2.0,3.7,0.2,0.1,1.2,0.7,9.0
2020,Harrison Barnes,PF,27,SAC,54,54,34.6,5.0,11.1,.452,1.3,3.6,.362,3.7,7.5,.495,.511,3.1,3.9,.802,1.0,3.9,4.9,2.2,0.6,0.1,1.2,1.2,14.5
2020,RJ Barrett,SG,19,NYK,45,44,30.5,4.9,12.7,.388,1.1,3.4,.318,3.8,9.3,.413,.430,2.8,4.5,.611,1.0,4.1,5.1,2.4,1.0,0.4,2.1,2.3,13.6
2020,Will Barton,SF,29,DEN,48,48,33.3,5.8,12.9,.447,1.8,4.8,.382,3.9,8.1,.485,.517,1.8,2.4,.761,1.5,5.0,6.5,3.7,1.1,0.5,1.4,2.0,15.1
2020,Keita Bates-Diop,SF,24,TOT,39,0,17.1,2.3,5.3,.428,0.8,2.4,.330,1.5,2.9,.509,.502,1.3,1.8,.710,0.5,2.3,2.9,0.8,0.4,0.5,0.4,1.0,6.6
2020,Keita Bates-Diop,SF,24,MIN,37,0,17.5,2.4,5.6,.422,0.8,2.5,.330,1.5,3.0,.500,.498,1.2,1.8,.708,0.6,2.4,3.0,0.8,0.5,0.5,0.4,1.0,6.8
2020,Keita Bates-Diop,SF,24,DEN,2,0,9.5,1.0,1.0,1.000,0.0,0.0,,1.0,1.0,1.000,1.000,1.5,2.0,.750,0.0,1.0,1.0,0.0,0.0,0.5,0.0,1.0,3.5
2020,Nicolas Batum,SF,31,CHO,22,3,23.0,1.3,3.7,.346,0.6,2.2,.286,0.6,1.5,.438,.432,0.4,0.5,.900,1.1,3.4,4.5,3.0,0.8,0.4,1.0,1.9,3.6
2020,Aron Baynes,C,33,PHO,33,25,22.9,4.4,9.0,.490,1.3,3.8,.333,3.2,5.2,.605,.560,1.3,1.8,.721,1.6,4.1,5.8,1.9,0.2,0.6,1.2,3.5,11.5
2020,Kent Bazemore,SF-SG,30,TOT,54,21,24.7,2.7,7.6,.353,1.2,3.7,.328,1.4,3.8,.377,.434,1.5,1.9,.777,0.4,3.6,4.0,1.3,1.0,0.6,1.3,2.8,8.0
2020,Kent Bazemore,SF,30,POR,43,21,25.8,2.6,7.6,.347,1.3,4.0,.327,1.3,3.6,.368,.433,1.3,1.7,.806,0.3,3.7,4.0,1.4,1.0,0.7,1.4,2.8,7.9
2020,Kent Bazemore,SG,30,SAC,11,0,20.2,2.8,7.5,.378,0.9,2.7,.333,1.9,4.7,.404,.439,2.0,2.8,.710,0.7,3.4,4.1,1.0,1.0,0.4,1.1,2.5,8.5
2020,Darius Bazley,PF,19,OKC,53,8,17.2,1.7,4.3,.383,0.6,1.9,.300,1.1,2.5,.446,.448,0.6,0.9,.681,0.4,3.3,3.7,0.5,0.4,0.7,0.8,0.8,4.5
2020,Bradley Beal,SG,26,WAS,46,46,35.5,10.0,22.0,.454,2.5,7.9,.322,7.4,14.1,.528,.512,6.6,7.9,.843,1.0,3.4,4.4,6.2,1.0,0.4,3.2,2.2,29.1
2020,Malik Beasley,SG,23,TOT,44,3,19.2,3.2,8.1,.395,1.6,4.4,.371,1.6,3.7,.423,.496,0.8,1.0,.860,0.3,1.9,2.2,1.3,0.8,0.1,1.0,1.3,8.9
2020,Malik Beasley,SG,23,DEN,41,0,18.2,2.9,7.3,.389,1.4,3.9,.360,1.4,3.4,.421,.485,0.8,0.9,.868,0.2,1.7,1.9,1.2,0.8,0.1,0.9,1.2,7.9
2020,Malik Beasley,SG,23,MIN,3,3,32.7,8.0,18.7,.429,4.7,11.0,.424,3.3,7.7,.435,.554,1.3,1.7,.800,1.3,5.3,6.7,3.0,0.7,0.0,2.3,2.7,22.0
2020,Marco Belinelli,SG,33,SAS,47,0,15.1,1.9,5.1,.371,1.0,2.8,.346,0.9,2.3,.402,.467,0.7,0.9,.780,0.1,1.6,1.6,1.3,0.2,0.0,0.3,0.8,5.4
2020,Jordan Bell,C,25,MIN,27,0,8.7,1.2,2.2,.533,0.1,0.3,.222,1.1,1.9,.588,.550,0.6,1.1,.586,1.0,1.9,2.9,0.5,0.1,0.4,0.7,0.6,3.1
2020,DeAndre' Bembry,SG,25,ATL,43,4,21.3,2.4,5.3,.456,0.3,1.5,.231,2.1,3.8,.546,.489,0.6,1.1,.542,0.8,2.7,3.5,1.9,1.3,0.4,1.4,2.0,5.8
2020,Dragan Bender,SF,22,MIL,7,0,13.0,1.4,3.0,.476,0.6,1.3,.444,0.9,1.7,.500,.571,0.3,0.4,.667,0.0,2.9,2.9,1.3,0.0,0.7,0.7,2.3,3.7
2020,Dāvis Bertāns,PF,27,WAS,44,4,29.3,4.8,11.1,.436,3.5,8.4,.424,1.3,2.7,.475,.596,1.8,2.0,.867,0.7,3.9,4.6,1.8,0.7,0.7,1.0,2.5,15.0
2020,Patrick Beverley,PG,31,LAC,40,40,28.0,3.1,7.3,.430,1.6,4.4,.364,1.5,2.9,.530,.540,0.6,1.0,.632,1.3,4.5,5.8,4.0,1.2,0.6,1.4,3.2,8.5
2020,Khem Birch,C,27,ORL,38,24,20.3,1.5,3.0,.496,0.0,0.0,.000,1.5,2.9,.500,.496,1.1,1.8,.612,1.8,2.9,4.7,0.9,0.4,0.6,0.6,1.9,4.0
2020,Goga Bitadze,C,20,IND,42,2,8.6,1.2,2.6,.481,0.1,0.6,.160,1.1,2.0,.578,.500,0.5,0.7,.690,0.5,1.5,2.1,0.5,0.1,0.6,0.5,1.2,3.0
2020,Bismack Biyombo,C,27,CHO,45,26,19.2,2.9,5.3,.542,0.0,0.0,,2.9,5.3,.542,.542,1.7,2.8,.614,2.4,3.5,5.8,0.9,0.2,0.8,0.9,2.2,7.5
2020,Nemanja Bjelica,PF,31,SAC,54,51,28.4,4.6,9.6,.485,2.1,4.6,.449,2.6,5.0,.517,.592,1.0,1.1,.852,1.7,4.7,6.4,2.8,0.9,0.6,1.5,3.1,12.3
2020,Eric Bledsoe,PG,30,MIL,46,46,27.1,5.8,12.0,.480,1.2,3.6,.339,4.5,8.4,.540,.531,2.9,3.5,.828,0.8,4.0,4.8,5.3,0.9,0.5,2.4,2.2,15.7
2020,Bogdan Bogdanović,SG,27,SAC,43,10,28.2,5.2,12.2,.429,2.6,7.1,.366,2.6,5.1,.518,.536,1.3,1.9,.699,0.3,2.8,3.2,3.1,0.9,0.3,1.8,2.1,14.4
2020,Bojan Bogdanović,SF,30,UTA,53,53,33.3,6.9,15.2,.454,3.2,7.5,.425,3.7,7.7,.483,.559,3.9,4.4,.897,0.6,3.5,4.1,2.1,0.6,0.1,2.5,1.8,21.0
2020,Jonah Bolden,PF,24,TOT,5,0,8.0,0.8,1.8,.444,0.0,0.4,.000,0.8,1.4,.571,.444,0.4,0.8,.500,0.6,1.0,1.6,0.0,0.4,0.4,0.4,1.6,2.0
2020,Jonah Bolden,PF,24,PHI,4,0,3.5,0.5,0.8,.667,0.0,0.3,.000,0.5,0.5,1.000,.667,0.0,0.5,.000,0.0,0.3,0.3,0.0,0.3,0.0,0.5,1.0,1.0
2020,Jonah Bolden,PF,24,PHO,1,0,26.0,2.0,6.0,.333,0.0,1.0,.000,2.0,5.0,.400,.333,2.0,2.0,1.000,3.0,4.0,7.0,0.0,1.0,2.0,0.0,4.0,6.0
2020,Marques Bolden,C,21,CLE,1,0,3.0,0.0,0.0,,0.0,0.0,,0.0,0.0,,,0.0,0.0,,0.0,2.0,2.0,0.0,1.0,0.0,0.0,1.0,0.0
2020,Jordan Bone,PG,22,DET,9,0,5.3,0.3,1.9,.176,0.0,0.9,.000,0.3,1.0,.333,.176,0.0,0.0,,0.0,0.1,0.1,0.9,0.1,0.0,0.2,0.7,0.7
2020,Isaac Bonga,SF,20,WAS,48,33,17.7,1.8,3.3,.535,0.4,0.9,.419,1.4,2.4,.579,.592,0.9,1.2,.789,1.1,2.2,3.3,1.1,0.7,0.4,0.7,2.4,4.8
2020,Devin Booker,SG,23,PHO,52,52,35.9,8.9,17.9,.496,1.9,5.4,.358,7.0,12.5,.556,.550,6.7,7.3,.920,0.5,3.7,4.2,6.3,0.8,0.3,3.9,3.0,26.4
2020,Chris Boucher,PF,27,TOR,47,0,12.9,2.2,4.7,.462,0.5,1.7,.272,1.7,3.0,.570,.511,1.5,1.9,.775,1.7,2.6,4.3,0.4,0.4,0.9,0.4,1.9,6.3
2020,Brian Bowen,SG,21,IND,3,0,3.3,0.3,1.3,.250,0.0,0.3,.000,0.3,1.0,.333,.250,0.0,0.0,,0.0,0.3,0.3,0.0,0.0,0.3,0.0,0.0,0.7
2020,Ky Bowman,PG,22,GSW,40,12,21.9,2.8,6.9,.400,0.8,2.4,.326,2.0,4.5,.439,.456,0.7,0.9,.829,0.5,2.0,2.5,3.0,0.9,0.2,1.4,2.2,7.0
2020,Avery Bradley,SG,29,LAL,39,34,23.4,3.5,7.6,.459,1.1,3.1,.370,2.4,4.5,.520,.534,0.4,0.5,.800,0.4,1.8,2.2,1.2,0.8,0.1,0.9,2.3,8.5
2020,Tony Bradley,C,22,UTA,41,2,10.2,2.0,3.0,.650,0.0,0.0,,2.0,3.0,.650,.650,0.5,0.8,.618,1.7,2.5,4.3,0.3,0.2,0.4,0.5,2.0,4.4
2020,Jarrell Brantley,PF,23,UTA,3,0,3.7,0.0,0.0,,0.0,0.0,,0.0,0.0,,,0.0,0.0,,0.0,1.7,1.7,0.3,0.0,0.7,0.3,0.3,0.0
2020,Ignas Brazdeikis,SF,21,NYK,9,0,5.9,0.7,2.4,.273,0.1,1.0,.111,0.6,1.4,.385,.295,0.4,0.6,.800,0.2,0.3,0.6,0.4,0.0,0.1,0.2,0.3,1.9
2020,Mikal Bridges,SF,23,PHO,55,14,25.7,3.0,5.9,.506,0.7,2.2,.345,2.3,3.8,.599,.569,1.3,1.6,.820,0.9,3.1,3.9,1.6,1.5,0.6,1.0,2.2,8.1
2020,Miles Bridges,SF,21,CHO,54,53,30.7,5.0,11.3,.441,1.6,4.6,.341,3.4,6.7,.508,.510,1.5,1.9,.796,1.4,4.1,5.5,1.7,0.6,0.7,1.5,2.1,13.0
2020,Oshae Brissett,SF,21,TOR,17,0,7.5,0.7,2.0,.353,0.2,0.9,.200,0.5,1.1,.474,.397,0.4,0.5,.750,0.5,0.8,1.4,0.3,0.2,0.1,0.4,1.1,1.9
2020,Ryan Broekhoff,SG,29,DAL,17,1,10.6,1.3,3.5,.373,1.2,3.0,.392,0.1,0.5,.250,.542,0.4,0.5,.875,0.3,2.2,2.5,0.6,0.3,0.2,0.4,0.9,4.2
2020,Malcolm Brogdon,PG,27,IND,41,41,30.8,6.1,13.9,.438,1.4,4.2,.324,4.7,9.6,.489,.488,3.1,3.4,.906,0.8,3.9,4.7,7.3,0.7,0.2,2.5,1.9,16.6
2020,Dillon Brooks,SG,24,MEM,54,54,28.3,5.7,13.8,.413,2.1,5.3,.385,3.6,8.5,.430,.487,2.2,2.7,.834,1.0,2.4,3.4,2.0,0.9,0.4,1.6,3.7,15.7
2020,Bruce Brown,SG,23,DET,54,42,27.9,3.3,7.5,.440,0.6,1.6,.337,2.8,5.9,.469,.477,1.6,2.1,.730,1.0,3.5,4.5,3.9,1.1,0.5,1.8,2.8,8.7
2020,Charlie Brown,SG,22,ATL,10,0,4.0,0.6,1.9,.316,0.3,0.9,.333,0.3,1.0,.300,.395,0.5,0.5,1.000,0.2,0.2,0.4,0.2,0.2,0.2,0.3,0.3,2.0
2020,Jaylen Brown,SF,23,BOS,44,44,33.6,7.5,15.0,.495,2.1,5.4,.381,5.4,9.6,.560,.564,3.2,4.3,.743,1.1,5.3,6.4,2.2,1.1,0.3,2.4,3.0,20.2
2020,Moses Brown,C,20,POR,9,0,3.7,0.4,1.1,.400,0.0,0.0,,0.4,1.1,.400,.400,0.3,0.9,.375,0.3,1.2,1.6,0.1,0.1,0.1,0.3,0.8,1.2
2020,Sterling Brown,SF,24,MIL,37,0,15.0,1.9,4.9,.387,0.8,2.5,.337,1.1,2.4,.438,.472,0.7,0.9,.788,0.7,3.3,4.0,1.0,0.6,0.1,0.8,1.1,5.3
2020,Troy Brown,SG,20,WAS,50,14,25.8,4.0,8.6,.458,0.8,2.4,.333,3.2,6.2,.506,.505,1.5,2.0,.758,1.1,4.5,5.6,2.3,1.3,0.1,1.0,1.9,10.2
2020,Jalen Brunson,PG,23,DAL,55,15,18.2,3.2,6.9,.466,0.8,2.2,.361,2.5,4.8,.513,.522,1.1,1.3,.824,0.4,2.0,2.4,3.3,0.4,0.1,1.2,1.3,8.4
2020,Thomas Bryant,C,22,WAS,29,23,25.4,5.2,8.9,.588,0.5,1.5,.341,4.7,7.3,.638,.617,1.9,2.6,.747,2.0,5.4,7.4,2.2,0.3,0.9,1.4,2.3,12.9
2020,Reggie Bullock,SG,28,NYK,21,18,26.0,3.8,9.5,.400,1.6,4.8,.330,2.2,4.8,.470,.483,0.6,0.7,.867,0.6,1.9,2.5,1.5,1.1,0.0,0.6,2.3,9.8
2020,Trey Burke,PG,27,PHI,25,0,13.2,2.4,5.1,.465,0.6,1.5,.421,1.7,3.6,.483,.528,0.5,0.7,.722,0.6,0.8,1.4,2.1,0.3,0.0,0.5,0.8,5.9
2020,Alec Burks,SG,28,TOT,49,18,28.7,5.0,12.3,.405,1.7,4.6,.372,3.3,7.7,.425,.474,4.1,4.6,.897,0.8,3.9,4.6,3.1,1.0,0.3,1.6,2.2,15.8
2020,Alec Burks,SG,28,GSW,48,18,29.0,5.1,12.5,.406,1.8,4.7,.375,3.3,7.9,.424,.476,4.2,4.7,.897,0.8,3.9,4.7,3.1,1.0,0.4,1.6,2.2,16.1
2020,Alec Burks,SG,28,PHI,1,0,14.0,1.0,4.0,.250,0.0,2.0,.000,1.0,2.0,.500,.250,0.0,0.0,,0.0,0.0,0.0,2.0,0.0,0.0,0.0,1.0,2.0
2020,Deonte Burton,SG,26,OKC,30,0,8.5,1.1,3.1,.366,0.2,1.3,.179,0.9,1.8,.500,.403,0.2,0.4,.500,0.2,1.1,1.3,0.3,0.1,0.3,0.3,0.9,2.7
2020,Jimmy Butler,SF,30,MIA,46,46,34.4,6.2,13.5,.457,0.6,2.5,.248,5.6,11.1,.503,.479,7.7,9.2,.836,1.8,5.0,6.8,6.1,1.8,0.5,2.3,1.4,20.6
2020,Bruno Caboclo,SF,24,MEM,22,0,8.7,1.3,3.1,.406,0.2,1.1,.160,1.1,2.0,.545,.435,0.1,0.1,.667,0.8,1.2,2.0,0.5,0.5,0.5,0.3,1.0,2.8
2020,Kentavious Caldwell-Pope,SG,26,LAL,53,20,25.3,3.4,7.2,.470,1.4,3.5,.415,2.0,3.8,.520,.569,1.3,1.6,.819,0.6,1.5,2.1,1.7,0.8,0.2,0.8,1.8,9.5
2020,Vlatko Čančar,SF,22,DEN,11,0,3.5,0.5,1.0,.455,0.1,0.5,.200,0.4,0.5,.667,.500,0.4,0.4,1.000,0.3,0.5,0.7,0.3,0.1,0.1,0.3,0.5,1.4
2020,Clint Capela,C,25,HOU,39,39,32.8,6.3,9.9,.629,0.0,0.0,,6.3,9.9,.629,.629,1.4,2.7,.529,4.3,9.5,13.8,1.2,0.8,1.8,1.6,2.6,13.9
2020,DeMarre Carroll,SF,33,SAS,15,0,9.0,0.6,1.9,.310,0.2,0.9,.231,0.4,1.1,.375,.362,0.8,1.3,.600,0.5,1.6,2.1,0.7,0.1,0.1,0.7,1.3,2.2
2020,Jevon Carter,PG,24,PHO,40,2,14.5,1.6,3.8,.408,0.9,2.1,.422,0.7,1.7,.391,.523,0.3,0.4,.813,0.5,1.4,1.9,1.4,0.8,0.3,0.7,1.4,4.3
2020,Vince Carter,SF,43,ATL,49,0,15.3,1.9,5.3,.354,1.0,3.6,.293,0.8,1.8,.477,.452,0.5,0.6,.793,0.3,1.9,2.2,0.9,0.4,0.5,0.6,1.6,5.3
2020,Wendell Carter,C,20,CHI,37,37,30.0,4.5,8.4,.537,0.2,0.8,.214,4.3,7.6,.569,.547,2.6,3.5,.736,3.5,6.4,9.9,1.2,0.8,0.9,1.7,3.8,11.7
2020,Michael Carter-Williams,SG,28,ORL,32,0,17.7,2.3,5.5,.412,0.4,1.4,.261,1.9,4.1,.466,.446,1.5,1.9,.774,0.9,2.2,3.2,2.7,1.1,0.5,1.1,1.7,6.4
2020,Alex Caruso,PG,25,LAL,50,0,18.2,1.9,4.5,.420,0.7,1.9,.362,1.2,2.6,.462,.496,1.0,1.3,.785,0.2,1.7,1.9,1.7,1.0,0.3,0.8,1.6,5.5
2020,Willie Cauley-Stein,C,26,TOT,50,39,21.0,3.3,5.8,.574,0.0,0.0,.000,3.3,5.8,.576,.574,0.8,1.3,.619,1.6,4.3,5.9,1.3,1.0,1.2,0.8,2.4,7.5
2020,Willie Cauley-Stein,C,26,GSW,41,37,22.9,3.5,6.3,.560,0.0,0.0,,3.5,6.3,.560,.560,0.9,1.4,.614,1.7,4.5,6.2,1.5,1.1,1.2,0.9,2.5,7.9
2020,Willie Cauley-Stein,C,26,DAL,9,2,12.3,2.6,3.8,.676,0.0,0.1,.000,2.6,3.7,.697,.676,0.4,0.7,.667,1.0,3.6,4.6,0.8,0.4,0.9,0.4,1.8,5.6
2020,Tyson Chandler,C,37,HOU,26,5,8.4,0.5,0.7,.778,0.0,0.0,,0.5,0.7,.778,.778,0.2,0.5,.462,1.0,1.6,2.5,0.2,0.2,0.3,0.3,1.2,1.3
2020,Wilson Chandler,SF,32,BRK,25,0,20.7,2.3,5.3,.429,1.0,3.3,.301,1.3,2.0,.640,.523,0.7,0.8,.895,0.3,4.0,4.4,1.2,0.6,0.3,1.1,2.2,6.2
2020,Zylan Cheatham,SF,24,NOP,3,0,10.3,0.7,1.7,.400,0.0,0.3,.000,0.7,1.3,.500,.400,0.0,0.0,,0.3,1.7,2.0,0.7,0.0,0.3,1.0,1.7,1.3
2020,Chris Chiozza,PG,24,TOT,14,0,10.4,0.9,3.1,.302,0.6,1.5,.381,0.4,1.6,.227,.395,0.0,0.0,,0.0,1.3,1.3,2.4,0.9,0.1,0.7,0.9,2.4
2020,Chris Chiozza,PG,24,WAS,10,0,12.3,1.0,3.4,.294,0.7,1.6,.438,0.3,1.8,.167,.397,0.0,0.0,,0.0,1.5,1.5,2.8,1.0,0.2,0.9,1.2,2.7
2020,Chris Chiozza,PG,24,BRK,4,0,5.8,0.8,2.3,.333,0.3,1.3,.200,0.5,1.0,.500,.389,0.0,0.0,,0.0,0.8,0.8,1.5,0.5,0.0,0.3,0.0,1.8
2020,Marquese Chriss,PF,22,GSW,50,12,19.2,3.3,6.2,.536,0.2,0.7,.229,3.1,5.5,.575,.549,1.9,2.5,.756,1.9,3.8,5.7,1.7,0.6,1.1,1.3,2.0,8.7
2020,Gary Clark,PF,25,TOT,30,0,12.3,1.2,3.1,.387,0.9,2.7,.338,0.3,0.4,.692,.532,0.3,0.3,.889,0.8,1.7,2.5,0.4,0.1,0.4,0.1,0.9,3.6
2020,Gary Clark,PF,25,HOU,18,0,11.8,1.3,3.3,.390,1.0,2.8,.353,0.3,0.4,.625,.542,0.3,0.4,.857,0.6,1.6,2.2,0.7,0.1,0.4,0.1,1.2,3.9
2020,Gary Clark,PF,25,ORL,12,0,13.2,1.1,2.8,.382,0.8,2.4,.310,0.3,0.4,.800,.515,0.2,0.2,1.000,1.2,1.8,3.0,0.1,0.2,0.5,0.2,0.6,3.1
2020,Brandon Clarke,PF,23,MEM,47,2,21.8,5.2,8.3,.623,0.4,1.1,.420,4.7,7.2,.653,.650,1.6,2.0,.793,1.4,4.3,5.7,1.4,0.5,0.8,0.9,1.7,12.3
2020,Jordan Clarkson,SG,27,TOT,53,0,24.1,5.5,12.0,.464,2.2,5.7,.378,3.4,6.2,.542,.554,2.1,2.5,.838,0.7,1.9,2.5,2.1,0.6,0.3,1.2,1.4,15.3
2020,Jordan Clarkson,SG,27,CLE,29,0,23.0,5.0,11.2,.442,2.0,5.5,.371,2.9,5.8,.509,.532,2.6,3.0,.884,0.7,1.7,2.4,2.4,0.6,0.3,1.3,1.1,14.6
2020,Jordan Clarkson,SG,27,UTA,24,0,25.5,6.3,12.8,.487,2.3,6.0,.386,3.9,6.8,.577,.578,1.4,1.8,.750,0.6,2.1,2.8,1.7,0.6,0.3,1.0,1.7,16.2
2020,Nicolas Claxton,PF,20,BRK,14,0,13.1,1.9,3.3,.565,0.1,0.5,.143,1.8,2.8,.641,.576,0.6,1.4,.474,1.4,1.7,3.1,1.1,0.1,0.6,0.6,1.0,4.4
2020,Chris Clemons,SG,22,HOU,28,0,8.8,1.8,4.4,.403,1.2,3.3,.355,0.6,1.1,.548,.536,0.2,0.3,.857,0.1,0.7,0.8,0.8,0.2,0.2,0.6,0.7,5.0
2020,Antonius Cleveland,SG,25,DAL,6,0,3.7,0.3,1.0,.333,0.0,0.2,.000,0.3,0.8,.400,.333,0.2,0.3,.500,0.0,0.5,0.5,0.0,0.2,0.2,0.2,0.3,0.8
2020,Amir Coffey,SG,22,LAC,6,0,9.0,1.5,3.0,.500,0.2,0.8,.200,1.3,2.2,.615,.528,0.0,0.2,.000,0.3,0.8,1.2,0.5,0.2,0.2,0.3,0.7,3.2
2020,John Collins,PF,22,ATL,30,30,32.2,8.4,14.6,.572,1.3,3.6,.355,7.1,11.1,.642,.615,2.6,3.2,.814,2.6,7.6,10.2,1.4,0.6,1.6,1.7,3.7,20.6
2020,Zach Collins,PF,22,POR,3,3,28.7,3.0,6.3,.474,1.0,2.3,.429,2.0,4.0,.500,.553,2.0,2.0,1.000,1.3,2.7,4.0,2.0,0.0,0.7,2.0,3.7,9.0
2020,Mike Conley,PG,32,UTA,32,26,27.9,4.7,11.9,.392,1.8,4.9,.361,2.9,6.9,.414,.467,2.4,3.1,.780,0.6,2.6,3.2,4.2,0.7,0.1,1.8,2.2,13.5
2020,Pat Connaughton,SG,27,MIL,50,0,18.3,1.9,4.3,.453,0.7,2.2,.318,1.2,2.1,.596,.535,0.4,0.5,.720,0.9,3.5,4.4,1.6,0.3,0.5,0.8,1.0,4.9
2020,Quinn Cook,PG,26,LAL,34,0,11.4,2.1,4.7,.444,0.7,1.8,.383,1.4,2.9,.480,.516,0.2,0.3,.667,0.2,0.9,1.1,1.1,0.3,0.0,0.7,0.6,5.0
2020,Tyler Cook,PF,22,CLE,11,0,3.2,0.6,0.9,.700,0.0,0.0,,0.6,0.9,.700,.700,0.5,0.5,.833,0.4,0.5,0.9,0.1,0.1,0.0,0.1,0.4,1.7
2020,Robert Covington,PF,29,TOT,52,50,29.6,4.5,10.3,.433,2.3,6.6,.346,2.2,3.7,.588,.544,1.5,1.9,.798,0.8,5.2,6.0,1.2,1.7,1.0,1.5,3.2,12.8
2020,Robert Covington,PF,29,MIN,48,47,29.4,4.5,10.3,.435,2.3,6.5,.346,2.3,3.8,.587,.544,1.6,2.0,.798,0.8,5.2,6.0,1.2,1.7,0.9,1.5,3.1,12.8
2020,Robert Covington,PF,29,HOU,4,3,31.8,4.3,10.5,.405,2.8,8.0,.344,1.5,2.5,.600,.536,1.0,1.3,.800,1.5,4.8,6.3,1.8,1.8,1.8,1.5,4.0,12.3
2020,Allen Crabbe,SG,27,TOT,36,1,17.8,1.8,4.9,.360,1.0,3.3,.308,0.8,1.6,.466,.463,0.3,0.4,.714,0.3,1.8,2.1,0.9,0.4,0.1,0.4,1.3,4.8
2020,Allen Crabbe,SG,27,ATL,28,1,18.6,1.9,5.1,.364,1.1,3.3,.323,0.8,1.8,.440,.469,0.3,0.4,.750,0.4,2.0,2.3,1.0,0.5,0.1,0.4,1.3,5.1
2020,Allen Crabbe,SG,27,MIN,8,0,15.0,1.4,4.0,.344,0.8,3.0,.250,0.6,1.0,.625,.438,0.1,0.3,.500,0.1,1.4,1.5,0.6,0.0,0.0,0.5,1.3,3.6
2020,Torrey Craig,SF,29,DEN,42,19,18.1,1.9,4.2,.451,0.7,2.2,.319,1.2,2.0,.595,.534,0.5,0.7,.645,1.0,2.4,3.4,0.7,0.4,0.7,0.5,2.3,4.9
2020,Jae Crowder,SF,29,TOT,48,45,29.4,3.4,8.9,.383,1.9,6.0,.315,1.5,3.0,.521,.488,1.7,2.2,.798,0.9,5.3,6.2,2.7,1.1,0.3,1.2,1.9,10.4
2020,Jae Crowder,SF,29,MEM,45,45,29.4,3.3,8.9,.368,1.7,5.9,.293,1.5,3.0,.519,.466,1.7,2.1,.789,0.9,5.3,6.2,2.8,1.0,0.3,1.2,1.9,9.9
2020,Jae Crowder,SF,29,MIA,3,0,30.3,5.7,9.7,.586,4.0,6.7,.600,1.7,3.0,.556,.793,2.7,3.0,.889,1.0,6.3,7.3,1.3,2.0,0.3,0.7,2.3,18.0
2020,Jarrett Culver,SG,20,MIN,52,35,24.4,3.6,9.3,.388,1.0,3.6,.277,2.6,5.7,.459,.442,0.9,1.9,.465,1.1,2.3,3.4,1.8,1.0,0.7,1.3,2.0,9.1
2020,Seth Curry,SG,29,DAL,51,13,23.6,4.1,8.5,.479,2.1,4.8,.435,2.0,3.7,.537,.603,1.3,1.4,.890,0.5,1.8,2.3,1.9,0.6,0.2,0.9,1.6,11.5
2020,Stephen Curry,PG,31,GSW,4,4,28.0,6.8,16.5,.409,2.3,9.3,.243,4.5,7.3,.621,.477,4.5,4.5,1.000,1.0,4.0,5.0,6.5,1.3,0.5,3.8,2.5,20.3
2020,Troy Daniels,SG,28,LAL,39,0,11.4,1.5,3.9,.392,1.0,2.8,.361,0.5,1.2,.467,.520,0.3,0.4,.667,0.3,0.8,1.1,0.4,0.2,0.1,0.2,0.8,4.3
2020,Anthony Davis,PF,26,LAL,46,46,34.7,9.3,17.9,.519,1.1,3.4,.316,8.2,14.6,.566,.548,7.0,8.2,.853,2.1,7.2,9.2,3.3,1.6,2.4,2.4,2.4,26.6
2020,Ed Davis,C,30,UTA,25,0,10.7,0.6,1.4,.412,0.0,0.0,,0.6,1.4,.412,.412,0.2,0.4,.455,1.2,2.6,3.8,0.3,0.4,0.4,0.5,2.2,1.3
2020,Terence Davis,SG,22,TOR,55,2,17.3,2.9,6.1,.475,1.5,3.5,.419,1.5,2.7,.548,.593,0.7,0.8,.881,0.8,2.7,3.5,1.7,0.5,0.2,1.0,1.7,7.9
2020,Dewayne Dedmon,C,30,TOT,37,11,16.7,2.2,5.3,.411,0.5,2.2,.220,1.7,3.1,.548,.457,0.7,0.8,.839,1.3,3.8,5.1,0.5,0.5,1.0,1.4,2.8,5.6
2020,Dewayne Dedmon,C,30,SAC,34,10,15.9,2.0,5.0,.404,0.4,2.1,.197,1.6,2.9,.550,.444,0.7,0.8,.821,1.4,3.6,4.9,0.4,0.4,0.8,1.4,2.7,5.1
2020,Dewayne Dedmon,C,30,ATL,3,1,26.0,4.0,8.7,.462,1.3,3.7,.364,2.7,5.0,.533,.538,1.0,1.0,1.000,0.3,6.7,7.0,0.7,1.0,3.3,1.7,4.0,10.3
2020,Matthew Dellavedova,PG,29,CLE,46,0,12.3,0.9,2.8,.328,0.2,1.5,.164,0.7,1.3,.508,.371,0.5,0.6,.893,0.3,0.9,1.1,2.6,0.3,0.0,0.9,1.3,2.6
2020,DeMar DeRozan,SF,30,SAS,52,52,34.3,8.6,16.0,.534,0.2,0.6,.276,8.4,15.5,.543,.538,5.7,6.8,.844,0.6,5.0,5.7,5.2,1.1,0.2,2.5,2.8,23.0
2020,Cheick Diallo,C,23,PHO,38,2,11.1,2.1,3.2,.669,0.0,0.1,.500,2.1,3.1,.672,.674,0.8,0.9,.857,0.6,2.3,3.0,0.5,0.3,0.3,0.7,1.3,5.1
2020,Hamidou Diallo,SF,21,OKC,32,2,18.9,2.7,6.0,.451,0.2,0.9,.172,2.6,5.1,.500,.464,0.8,1.2,.667,0.8,2.6,3.4,0.6,0.8,0.2,1.0,2.1,6.4
2020,Gorgui Dieng,C,30,TOT,47,17,16.8,2.7,6.0,.449,1.0,2.6,.382,1.7,3.4,.500,.532,1.0,1.3,.797,1.6,3.9,5.5,1.3,0.8,0.9,1.0,1.9,7.4
2020,Gorgui Dieng,C,30,MIN,46,17,16.9,2.7,6.0,.448,1.0,2.6,.383,1.7,3.4,.497,.531,1.0,1.3,.797,1.6,4.0,5.6,1.3,0.8,0.9,1.0,1.9,7.4
2020,Gorgui Dieng,C,30,MEM,1,0,13.0,3.0,6.0,.500,1.0,3.0,.333,2.0,3.0,.667,.583,0.0,0.0,,1.0,2.0,3.0,2.0,2.0,1.0,1.0,2.0,7.0
2020,Spencer Dinwiddie,SG,26,BRK,53,38,31.2,6.8,16.4,.417,1.9,6.2,.309,4.9,10.2,.482,.475,5.3,6.9,.775,0.5,3.0,3.5,6.6,0.7,0.3,2.7,2.8,21.0
2020,Donte DiVincenzo,SG,23,MIL,49,20,22.9,3.5,7.7,.456,1.3,3.7,.344,2.2,4.0,.558,.538,0.9,1.2,.776,1.0,3.7,4.7,2.2,1.5,0.3,1.2,1.7,9.2
2020,Luka Dončić,PG,20,DAL,44,44,32.8,9.5,20.4,.465,2.9,9.1,.323,6.6,11.3,.579,.537,7.0,9.1,.765,1.4,8.1,9.5,8.7,1.0,0.2,4.2,2.5,28.9
2020,Luguentz Dort,SG,20,OKC,20,12,20.8,2.1,5.1,.402,0.8,2.5,.300,1.3,2.6,.500,.475,0.9,1.2,.750,0.6,1.0,1.5,0.6,0.8,0.1,0.6,2.7,5.8
2020,Damyean Dotson,SG,25,NYK,45,0,17.4,2.5,5.9,.423,1.2,3.4,.358,1.3,2.6,.509,.524,0.5,0.7,.688,0.2,1.6,1.8,1.2,0.5,0.1,0.4,0.9,6.7
2020,Sekou Doumbouya,SF,19,DET,29,17,19.7,2.5,6.4,.395,0.8,2.6,.307,1.7,3.8,.455,.457,0.9,1.3,.711,0.6,2.8,3.3,0.4,0.6,0.2,1.1,2.1,6.8
2020,PJ Dozier,PG,23,DEN,15,0,14.7,2.3,5.5,.410,0.5,1.7,.269,1.8,3.8,.474,.452,0.5,0.7,.636,0.3,1.7,2.0,1.7,0.5,0.3,0.7,1.8,5.5
2020,Goran Dragić,PG,33,MIA,43,1,28.3,5.5,12.2,.447,2.2,5.8,.384,3.2,6.4,.504,.538,2.9,3.9,.749,0.4,2.5,3.0,5.0,0.6,0.2,2.5,1.9,16.1
2020,Andre Drummond,C,26,TOT,51,50,33.4,7.3,13.8,.528,0.1,0.5,.120,7.3,13.4,.543,.530,3.0,5.2,.581,4.7,11.1,15.8,2.8,1.9,1.7,3.6,3.5,17.7
2020,Andre Drummond,C,26,DET,49,48,33.8,7.3,13.9,.530,0.0,0.4,.048,7.3,13.4,.546,.531,3.0,5.2,.584,4.6,11.2,15.8,2.8,2.0,1.7,3.6,3.6,17.8
2020,Andre Drummond,C,26,CLE,2,2,25.5,6.5,13.5,.481,1.0,2.0,.500,5.5,11.5,.478,.519,2.5,5.0,.500,6.0,8.5,14.5,2.0,1.0,1.5,4.5,1.5,16.5
2020,Jared Dudley,SF,34,LAL,36,1,8.3,0.6,1.3,.417,0.4,0.9,.485,0.1,0.4,.267,.583,0.1,0.1,1.000,0.1,1.0,1.1,0.5,0.3,0.1,0.2,1.0,1.6
2020,Kris Dunn,PG,25,CHI,51,32,24.9,3.0,6.7,.444,0.6,2.2,.259,2.4,4.5,.535,.487,0.8,1.1,.741,0.5,3.2,3.6,3.4,2.0,0.3,1.3,3.1,7.3
2020,Carsen Edwards,SG,21,BOS,33,0,9.0,1.0,3.1,.320,0.6,1.9,.306,0.4,1.2,.341,.413,0.3,0.4,.846,0.2,1.1,1.2,0.7,0.3,0.1,0.5,0.8,2.9
2020,Henry Ellenson,PF,23,BRK,5,0,3.0,0.2,1.4,.143,0.0,0.8,.000,0.2,0.6,.333,.143,0.0,0.0,,0.4,0.8,1.2,0.2,0.0,0.0,0.0,0.2,0.4
2020,Wayne Ellington,SG,32,NYK,28,1,15.3,1.7,4.8,.358,1.3,3.8,.346,0.4,1.0,.407,.496,0.4,0.5,.846,0.1,1.5,1.6,1.0,0.4,0.1,0.5,1.0,5.1
2020,Joel Embiid,C,25,PHI,39,39,30.5,7.4,15.9,.466,1.3,3.9,.336,6.1,12.1,.509,.507,6.7,8.3,.806,2.7,9.3,11.9,3.2,0.8,1.4,3.0,3.5,22.9
2020,James Ennis,SF,29,TOT,51,0,15.8,2.0,4.6,.443,0.7,2.1,.349,1.3,2.5,.524,.523,1.0,1.3,.776,1.0,2.1,3.1,0.8,0.5,0.3,0.6,1.7,5.8
2020,James Ennis,SF,29,PHI,49,0,15.8,2.0,4.6,.442,0.8,2.2,.349,1.3,2.4,.525,.524,1.0,1.2,.787,1.0,2.1,3.1,0.8,0.5,0.3,0.6,1.7,5.8
2020,James Ennis,SF,29,ORL,2,0,15.0,2.0,4.5,.444,0.5,1.5,.333,1.5,3.0,.500,.500,2.0,3.0,.667,1.5,1.5,3.0,0.5,0.0,0.0,1.0,1.0,6.5
2020,Drew Eubanks,PF,22,SAS,8,0,5.3,1.3,1.9,.667,0.0,0.0,,1.3,1.9,.667,.667,0.4,0.4,1.000,0.8,1.4,2.1,0.3,0.0,0.1,0.6,0.6,2.9
2020,Jacob Evans,SG,22,TOT,28,1,14.8,1.6,4.8,.338,0.5,1.4,.342,1.1,3.4,.337,.387,0.9,1.0,.862,0.3,1.1,1.5,1.1,0.4,0.4,0.9,1.5,4.6
2020,Jacob Evans,SG,22,GSW,27,1,15.3,1.7,4.9,.338,0.5,1.4,.342,1.2,3.5,.337,.387,0.9,1.1,.862,0.3,1.2,1.5,1.1,0.4,0.4,0.9,1.5,4.7
2020,Jacob Evans,SG,22,MIN,1,0,1.0,0.0,0.0,,0.0,0.0,,0.0,0.0,,,0.0,0.0,,0.0,0.0,0.0,0.0,0.0,0.0,0.0,0.0,0.0
2020,Dante Exum,SG,24,TOT,32,1,13.4,1.5,3.4,.454,0.3,1.1,.306,1.2,2.3,.528,.505,0.8,1.1,.722,0.3,1.5,1.8,1.2,0.4,0.2,0.9,1.1,4.2
2020,Dante Exum,SG,24,UTA,11,0,7.5,0.9,2.1,.435,0.2,0.5,.333,0.7,1.5,.471,.478,0.2,0.2,1.000,0.3,0.8,1.1,0.6,0.1,0.2,0.9,0.7,2.2
2020,Dante Exum,SG,24,CLE,21,1,16.5,1.9,4.0,.459,0.4,1.4,.300,1.4,2.6,.545,.512,1.1,1.6,.706,0.3,1.9,2.1,1.5,0.6,0.1,0.9,1.2,5.3
2020,Tacko Fall,C,24,BOS,6,0,4.0,1.5,2.0,.750,0.0,0.0,,1.5,2.0,.750,.750,0.2,0.5,.333,0.0,1.8,1.8,0.0,0.0,0.3,0.5,0.8,3.2
2020,Derrick Favors,C,28,NOP,36,34,23.9,4.3,6.9,.623,0.0,0.1,.200,4.3,6.7,.632,.626,0.9,1.5,.604,3.2,6.7,9.9,1.8,0.6,1.0,1.3,2.3,9.5
2020,Cristiano Felício,PF,27,CHI,15,0,17.8,1.6,2.6,.615,0.0,0.1,.000,1.6,2.5,.649,.615,0.9,1.2,.778,2.5,2.2,4.7,0.7,0.4,0.1,0.8,1.7,4.1
2020,Terrance Ferguson,SF,21,OKC,41,36,25.0,1.6,4.2,.387,1.0,3.3,.313,0.6,1.0,.641,.509,0.2,0.3,.769,0.5,1.1,1.6,1.0,0.6,0.3,0.6,3.1,4.5
2020,Bruno Fernando,C,21,ATL,45,11,12.2,1.7,3.4,.507,0.1,0.7,.129,1.6,2.7,.603,.520,0.5,0.9,.615,1.2,2.1,3.4,0.8,0.3,0.4,0.9,1.9,4.0
2020,Yogi Ferrell,PG,26,SAC,42,0,11.1,1.6,3.9,.409,0.5,1.6,.288,1.1,2.3,.490,.466,0.7,0.8,.857,0.1,1.0,1.1,1.4,0.3,0.1,0.5,0.7,4.4
2020,Dorian Finney-Smith,PF,26,DAL,55,52,29.7,3.3,7.3,.461,1.6,4.2,.382,1.7,3.0,.572,.573,1.1,1.5,.723,2.0,3.6,5.6,1.5,0.7,0.5,1.0,2.3,9.4
2020,Bryn Forbes,SG,26,SAS,54,53,25.3,3.8,9.4,.407,2.3,6.1,.376,1.5,3.3,.464,.528,1.1,1.3,.831,0.2,1.8,2.1,1.9,0.5,0.0,0.9,1.9,11.1
2020,Evan Fournier,SG,27,ORL,54,54,31.7,6.6,14.2,.462,2.7,6.5,.408,3.9,7.7,.507,.555,2.9,3.4,.828,0.2,2.4,2.7,3.2,1.1,0.2,2.0,2.5,18.7
2020,De'Aaron Fox,PG,22,SAC,36,34,31.5,7.1,15.2,.468,1.0,3.2,.304,6.1,12.0,.512,.500,4.5,6.6,.681,0.7,3.5,4.2,7.0,1.5,0.6,3.3,2.9,19.7
2020,Melvin Frazier,SG,23,ORL,14,0,3.4,0.4,1.2,.353,0.3,0.5,.571,0.1,0.7,.200,.471,0.1,0.3,.500,0.1,0.2,0.3,0.1,0.3,0.1,0.1,0.6,1.3
2020,Michael Frazier,SG,25,HOU,7,0,8.6,0.4,1.3,.333,0.3,1.0,.286,0.1,0.3,.500,.444,0.6,0.9,.667,0.1,0.3,0.4,0.1,0.3,0.0,0.3,1.6,1.7
2020,Tim Frazier,PG,29,DET,27,11,13.1,1.3,3.5,.362,0.4,1.1,.333,0.9,2.4,.375,.415,0.7,0.9,.792,0.3,0.9,1.2,3.4,0.5,0.1,1.3,1.6,3.6
2020,Markelle Fultz,PG,21,ORL,54,49,28.2,4.9,10.5,.465,0.5,1.9,.270,4.4,8.6,.508,.489,1.7,2.2,.750,0.5,3.0,3.5,5.0,1.3,0.2,2.0,1.9,11.9
2020,Wenyen Gabriel,PF,22,TOT,18,1,6.6,0.7,1.7,.387,0.1,0.7,.167,0.6,1.1,.526,.419,0.4,0.7,.583,0.4,0.7,1.1,0.2,0.3,0.2,0.4,0.9,1.8
2020,Wenyen Gabriel,PF,22,SAC,11,0,5.5,0.5,1.5,.353,0.1,0.7,.125,0.5,0.8,.556,.382,0.5,0.9,.600,0.4,0.5,0.9,0.3,0.3,0.2,0.5,0.6,1.7
2020,Wenyen Gabriel,PF,22,POR,7,1,8.1,0.9,2.0,.429,0.1,0.6,.250,0.7,1.4,.500,.464,0.1,0.3,.500,0.4,0.9,1.3,0.1,0.3,0.3,0.3,1.4,2.0
2020,Daniel Gafford,C,21,CHI,33,4,12.7,2.0,3.0,.670,0.0,0.0,,2.0,3.0,.670,.670,0.6,1.2,.526,1.2,1.2,2.4,0.4,0.3,1.3,0.5,1.8,4.7
2020,Danilo Gallinari,PF,31,OKC,47,47,30.7,6.0,13.5,.443,3.0,7.3,.407,3.0,6.2,.486,.553,4.3,4.8,.899,0.7,5.0,5.7,2.3,0.7,0.1,1.3,1.3,19.3
2020,Langston Galloway,SG,28,DET,57,6,26.0,3.5,8.1,.432,2.0,5.0,.395,1.5,3.1,.491,.554,1.2,1.4,.857,0.5,1.7,2.2,1.6,0.7,0.2,0.6,1.4,10.1
2020,Darius Garland,PG,20,CLE,53,53,30.5,4.6,11.8,.394,1.8,5.2,.352,2.8,6.6,.426,.470,1.1,1.3,.870,0.4,1.5,1.9,3.8,0.7,0.0,2.6,1.6,12.2
2020,Marc Gasol,C,35,TOR,35,35,27.8,2.8,6.6,.424,1.4,3.5,.403,1.4,3.1,.449,.532,0.7,1.0,.722,0.8,5.6,6.5,3.5,0.8,0.9,1.2,2.9,7.8
2020,Rudy Gay,PF,33,SAS,51,5,21.0,3.5,7.9,.439,0.9,3.0,.318,2.5,4.9,.512,.499,1.6,1.9,.866,0.8,4.5,5.3,1.7,0.4,0.5,1.4,1.4,9.5
2020,Paul George,SF,29,LAC,34,34,29.4,7.1,16.8,.426,3.3,8.3,.394,3.9,8.5,.458,.524,4.2,4.6,.899,0.4,5.6,6.1,3.9,1.3,0.5,3.0,2.4,21.7
2020,Taj Gibson,C,34,NYK,52,46,16.5,2.6,4.5,.572,0.1,0.2,.273,2.5,4.3,.587,.578,0.5,0.8,.700,1.8,2.5,4.3,0.9,0.4,0.4,0.8,2.1,5.8
2020,Harry Giles,PF,21,SAC,28,7,12.5,2.5,4.6,.547,0.0,0.0,,2.5,4.6,.547,.547,0.6,0.8,.810,0.9,2.6,3.5,1.2,0.5,0.3,0.9,2.3,5.6
2020,Shai Gilgeous-Alexander,SG,21,OKC,55,55,35.5,7.0,15.1,.465,1.3,3.6,.350,5.8,11.5,.501,.507,4.1,5.1,.809,0.7,5.4,6.1,3.2,1.2,0.7,1.9,1.7,19.5
2020,Rudy Gobert,C,27,UTA,52,52,34.6,6.0,8.7,.689,0.0,0.0,,6.0,8.7,.689,.689,3.7,6.0,.613,3.7,10.9,14.6,1.5,0.7,1.9,2.0,3.1,15.6
2020,Brandon Goodwin,PG,24,ATL,26,1,13.7,2.4,6.1,.396,0.9,2.8,.315,1.5,3.3,.465,.469,0.9,0.9,1.000,0.4,2.0,2.4,1.5,0.4,0.2,1.0,1.4,6.7
2020,Aaron Gordon,PF,24,ORL,49,49,32.2,5.3,12.6,.424,1.2,4.0,.308,4.1,8.6,.479,.473,2.3,3.4,.675,1.7,5.6,7.3,3.1,0.8,0.5,1.6,2.0,14.2
2020,Eric Gordon,SG,31,HOU,28,12,29.4,5.0,13.4,.374,2.9,8.8,.332,2.1,4.5,.457,.484,2.3,3.2,.730,0.3,1.8,2.0,1.5,0.6,0.4,1.0,2.0,15.3
2020,Devonte' Graham,PG,24,CHO,54,44,35.2,5.8,15.3,.379,3.5,9.4,.374,2.3,5.9,.388,.495,3.0,3.7,.811,0.8,2.9,3.6,7.8,0.9,0.3,2.9,1.9,18.1
2020,Treveon Graham,SG,26,TOT,45,20,17.4,1.6,4.5,.347,0.6,2.2,.250,1.0,2.3,.441,.408,0.7,1.0,.733,0.8,1.9,2.7,0.7,0.4,0.1,0.5,1.8,4.4
2020,Treveon Graham,SG,26,MIN,33,20,20.1,1.9,5.3,.354,0.6,2.5,.241,1.3,2.8,.457,.411,0.8,1.1,.730,0.9,2.2,3.0,0.9,0.5,0.1,0.6,2.0,5.2
2020,Treveon Graham,SG,26,ATL,12,0,10.1,0.7,2.3,.296,0.4,1.4,.294,0.3,0.8,.300,.389,0.5,0.7,.750,0.4,1.3,1.8,0.1,0.3,0.3,0.3,1.3,2.3
2020,Jerami Grant,PF,25,DEN,54,21,26.4,4.0,8.6,.468,1.4,3.4,.397,2.7,5.2,.514,.546,1.9,2.6,.730,0.9,2.8,3.7,1.1,0.6,0.9,0.8,2.1,11.3
2020,Josh Gray,PG,26,NOP,2,0,11.5,0.5,1.0,.500,0.0,0.0,,0.5,1.0,.500,.500,0.0,0.0,,0.5,0.5,1.0,1.0,0.0,0.0,2.5,0.5,1.0
2020,Danny Green,SG,32,LAL,52,52,25.0,3.1,7.3,.422,1.9,5.0,.378,1.2,2.2,.522,.553,0.6,0.8,.727,0.7,2.7,3.5,1.3,1.2,0.5,0.9,2.2,8.6
2020,Draymond Green,PF,29,GSW,41,41,29.1,2.9,7.5,.388,0.9,3.0,.288,2.0,4.5,.457,.447,1.5,2.0,.759,0.6,5.8,6.4,6.2,1.4,0.8,2.3,2.6,8.3
2020,JaMychal Green,PF,29,LAC,46,0,20.7,2.2,5.6,.398,1.3,3.7,.355,0.9,1.8,.488,.518,0.6,0.9,.725,1.4,5.0,6.4,0.7,0.5,0.4,0.9,2.6,6.4
2020,Javonte Green,SF,26,BOS,41,1,9.1,1.2,2.3,.511,0.1,0.6,.261,1.0,1.7,.592,.543,0.6,0.9,.639,0.4,1.3,1.7,0.5,0.5,0.1,0.4,0.9,3.0
2020,Jeff Green,PF,33,UTA,30,2,18.4,2.5,6.5,.385,1.1,3.5,.327,1.4,3.0,.451,.472,1.6,2.1,.778,0.5,2.2,2.7,0.7,0.4,0.3,0.9,1.5,7.8
2020,Blake Griffin,PF,30,DET,18,18,28.4,4.9,13.9,.352,1.5,6.2,.243,3.4,7.7,.439,.406,4.2,5.4,.776,0.9,3.7,4.7,3.3,0.4,0.4,2.2,1.5,15.5
2020,Marko Guduric,SG,24,MEM,33,0,13.2,1.6,4.2,.384,0.6,2.2,.296,1.0,2.0,.478,.460,0.6,0.7,.913,0.4,1.5,1.9,1.2,0.3,0.2,1.0,0.9,4.5
2020,Kyle Guy,SG,22,SAC,2,0,2.0,0.5,1.0,.500,0.0,0.5,.000,0.5,0.5,1.000,.500,0.0,0.0,,0.0,0.0,0.0,0.0,0.0,0.0,0.0,0.0,1.0
2020,Rui Hachimura,PF,21,WAS,30,30,28.8,5.8,11.8,.487,0.4,1.8,.236,5.3,10.0,.533,.506,1.9,2.3,.826,1.5,4.4,6.0,1.5,0.7,0.2,0.9,2.2,13.9
2020,Devon Hall,SG,24,OKC,5,0,4.0,0.2,1.0,.200,0.0,0.4,.000,0.2,0.6,.333,.200,0.6,0.8,.750,0.0,0.2,0.2,0.6,0.0,0.0,0.2,0.2,1.0
2020,Tim Hardaway,SG,27,DAL,52,39,27.4,5.1,11.9,.433,2.8,6.8,.403,2.4,5.0,.473,.549,1.7,2.1,.811,0.4,2.6,3.0,2.0,0.6,0.1,0.9,1.7,14.8
2020,James Harden,SG,30,HOU,51,51,37.1,10.1,23.2,.437,4.6,12.8,.358,5.5,10.4,.535,.536,10.4,12.0,.869,1.1,5.5,6.5,7.3,1.6,1.0,4.5,3.4,35.3
2020,Maurice Harkless,SF,26,TOT,51,38,22.9,2.2,4.4,.509,0.5,1.5,.355,1.7,2.9,.588,.569,0.5,0.8,.571,0.9,3.1,4.0,1.0,1.0,0.6,0.9,2.4,5.5
2020,Maurice Harkless,SF,26,LAC,50,38,22.8,2.2,4.3,.516,0.5,1.5,.370,1.7,2.9,.590,.578,0.5,0.8,.571,0.9,3.1,4.0,1.0,1.0,0.6,0.9,2.4,5.5
2020,Maurice Harkless,SF,26,NYK,1,0,25.0,2.0,7.0,.286,0.0,3.0,.000,2.0,4.0,.500,.286,0.0,0.0,,1.0,4.0,5.0,2.0,1.0,0.0,0.0,2.0,4.0
2020,Jared Harper,PG,22,PHO,3,0,2.7,0.3,1.3,.250,0.0,0.7,.000,0.3,0.7,.500,.250,0.0,0.0,,0.0,0.0,0.0,0.0,0.0,0.0,0.0,0.0,0.7
2020,Montrezl Harrell,C,26,LAC,54,2,28.4,7.7,13.4,.576,0.0,0.3,.000,7.7,13.1,.589,.576,3.4,5.4,.634,2.7,4.4,7.1,1.8,0.6,1.1,1.8,2.4,18.8
2020,Gary Harris,SG,25,DEN,46,45,32.1,3.8,9.6,.400,1.2,4.0,.299,2.6,5.6,.473,.463,1.4,1.7,.829,0.5,2.4,2.9,2.2,1.3,0.2,1.0,2.1,10.2
2020,Joe Harris,SF,28,BRK,52,52,31.4,5.2,11.1,.468,2.4,5.9,.408,2.8,5.2,.537,.577,1.0,1.3,.743,0.9,3.4,4.3,2.1,0.7,0.3,1.4,2.3,13.8
2020,Tobias Harris,PF,27,PHI,55,55,34.3,7.4,15.7,.472,1.8,4.9,.363,5.7,10.8,.522,.529,2.4,2.9,.802,0.7,6.1,6.7,3.0,0.7,0.6,1.5,2.2,19.0
2020,Shaquille Harrison,SF,26,CHI,33,4,7.7,1.2,2.8,.441,0.2,0.6,.333,1.0,2.2,.472,.478,0.7,0.9,.742,0.2,1.1,1.4,0.9,0.5,0.2,0.4,0.8,3.4
2020,Josh Hart,SF,24,NOP,48,14,28.1,3.6,8.6,.423,2.1,5.8,.354,1.6,2.8,.567,.542,1.3,1.6,.772,1.0,5.4,6.4,1.6,1.1,0.4,1.1,2.6,10.6
2020,Isaiah Hartenstein,C,21,HOU,23,2,11.6,1.9,2.9,.657,0.0,0.2,.000,1.9,2.7,.710,.657,0.8,1.2,.679,1.3,2.7,3.9,0.8,0.4,0.5,0.7,1.8,4.7
2020,Udonis Haslem,PF,39,MIA,2,0,5.5,0.5,0.5,1.000,0.0,0.0,,0.5,0.5,1.000,1.000,1.5,2.0,.750,0.0,1.5,1.5,0.0,0.0,0.0,0.0,1.5,2.5
2020,Jaxson Hayes,C,19,NOP,52,12,17.8,2.9,4.4,.664,0.0,0.1,.250,2.9,4.3,.671,.666,2.1,3.3,.626,1.6,2.7,4.3,1.0,0.4,1.0,0.8,2.7,7.9
2020,Gordon Hayward,SF,29,BOS,37,37,33.2,6.7,13.4,.504,1.6,4.1,.392,5.1,9.2,.554,.565,2.2,2.5,.880,1.1,5.6,6.7,4.1,0.7,0.5,1.7,1.8,17.3
2020,John Henson,PF,29,TOT,32,2,14.2,2.2,4.1,.538,0.2,1.0,.194,2.0,3.1,.646,.562,0.6,1.1,.529,1.1,2.9,4.0,1.4,0.5,1.1,0.8,1.8,5.1
2020,John Henson,PF,29,CLE,29,2,14.2,2.1,4.1,.508,0.2,1.1,.194,1.9,3.1,.618,.533,0.6,1.1,.515,1.1,2.8,3.9,1.5,0.6,1.1,0.7,1.9,5.0
2020,John Henson,PF,29,DET,3,0,13.7,3.0,3.3,.900,0.0,0.0,,3.0,3.3,.900,.900,0.3,0.3,1.000,1.0,3.3,4.3,0.3,0.3,1.3,1.0,0.7,6.3
2020,Dewan Hernandez,C,23,TOR,4,0,2.8,0.3,1.3,.200,0.0,0.3,.000,0.3,1.0,.250,.200,0.5,0.5,1.000,0.5,1.3,1.8,0.0,0.3,0.0,0.3,1.5,1.0
2020,Juan Hernangómez,PF,24,TOT,37,3,13.8,1.4,3.9,.366,0.6,2.0,.284,0.9,1.9,.451,.438,0.7,1.0,.658,0.8,2.2,3.1,0.7,0.2,0.2,0.5,1.0,4.1
2020,Juan Hernangómez,PF,24,DEN,34,0,12.4,1.1,3.2,.345,0.4,1.8,.250,0.7,1.5,.460,.414,0.5,0.7,.640,0.7,2.1,2.8,0.6,0.1,0.1,0.5,0.9,3.1
2020,Juan Hernangómez,PF,24,MIN,3,3,30.0,5.0,11.7,.429,2.0,4.7,.429,3.0,7.0,.429,.514,3.0,4.3,.692,2.0,4.0,6.0,1.3,0.7,0.3,0.3,2.7,15.0
2020,Willy Hernangómez,C,25,CHO,24,0,10.6,2.2,4.2,.525,0.2,0.8,.250,2.0,3.4,.593,.550,1.1,1.9,.565,1.3,2.3,3.6,0.7,0.3,0.2,0.9,1.2,5.7
2020,Tyler Herro,SG,20,MIA,46,6,27.7,4.8,11.5,.414,2.2,5.5,.393,2.6,6.0,.433,.508,1.4,1.7,.835,0.3,3.7,4.0,2.0,0.6,0.2,1.6,1.3,13.1
2020,Kevin Hervey,PF,23,OKC,6,0,2.2,0.0,0.8,.000,0.0,0.7,.000,0.0,0.2,.000,.000,0.0,0.0,,0.0,0.3,0.3,0.2,0.0,0.0,0.0,0.2,0.0
2020,Mario Hezonja,PF,24,POR,39,4,16.2,1.5,4.0,.385,0.4,1.4,.283,1.2,2.6,.437,.433,1.0,1.3,.816,0.6,3.0,3.6,0.8,0.6,0.2,0.7,2.2,4.5
2020,Buddy Hield,SG,27,SAC,54,44,33.4,7.4,17.2,.431,3.8,9.9,.385,3.6,7.3,.494,.542,1.7,2.1,.830,1.0,4.0,5.0,3.2,0.9,0.3,2.5,2.5,20.4
2020,George Hill,PG,33,MIL,44,0,21.1,3.5,6.4,.541,1.5,3.0,.511,2.0,3.5,.566,.659,1.3,1.5,.821,0.9,2.1,3.0,3.0,0.7,0.1,1.0,1.4,9.7
2020,Solomon Hill,SF,28,MEM,48,3,18.8,2.0,4.9,.412,1.2,3.1,.381,0.8,1.8,.465,.532,0.5,0.8,.684,0.5,2.5,3.0,2.0,0.6,0.1,0.8,1.5,5.7
2020,Jaylen Hoard,SF,20,POR,13,0,7.9,1.2,2.5,.469,0.0,0.2,.000,1.2,2.2,.517,.469,0.6,1.0,.615,1.1,1.4,2.5,0.3,0.4,0.0,0.3,0.9,2.9
2020,Aaron Holiday,PG,23,IND,49,19,22.8,3.7,8.9,.415,1.5,3.7,.413,2.2,5.2,.416,.500,1.0,1.1,.870,0.4,1.8,2.2,3.4,0.7,0.2,1.3,1.8,9.9
2020,Jrue Holiday,SG,29,NOP,46,46,34.7,7.6,17.2,.441,2.0,5.8,.347,5.6,11.4,.489,.499,2.1,3.0,.706,1.2,3.5,4.7,6.5,1.7,0.9,2.9,2.1,19.3
2020,Justin Holiday,SG,30,IND,55,2,25.4,2.9,6.6,.434,1.8,4.4,.417,1.0,2.2,.467,.572,0.7,0.9,.788,0.5,2.9,3.4,1.5,1.0,0.6,0.5,1.8,8.3
2020,Rondae Hollis-Jefferson,SF,25,TOR,43,3,19.6,2.8,5.9,.476,0.0,0.4,.125,2.8,5.5,.500,.480,1.9,2.6,.726,2.0,2.9,4.9,1.8,1.0,0.4,1.0,2.1,7.6
2020,Richaun Holmes,C,26,SAC,37,33,29.4,5.5,8.4,.660,0.0,0.0,,5.5,8.4,.660,.660,2.1,2.5,.817,3.1,5.4,8.5,1.0,1.1,1.4,1.2,3.9,13.1
2020,Rodney Hood,SF,27,POR,21,21,29.5,4.1,8.2,.506,1.7,3.4,.493,2.5,4.8,.515,.608,1.0,1.3,.778,0.5,3.0,3.4,1.5,0.8,0.2,0.9,2.2,11.0
2020,Al Horford,C,33,PHI,50,49,30.9,4.9,11.1,.440,1.4,4.4,.327,3.4,6.7,.515,.505,0.8,1.1,.732,1.5,5.2,6.7,3.9,0.9,0.9,1.0,2.1,12.0
2020,Talen Horton-Tucker,SG,19,LAL,2,0,2.5,0.0,0.5,.000,0.0,0.5,.000,0.0,0.0,,.000,0.0,0.0,,0.0,0.0,0.0,1.0,0.5,0.0,0.0,0.0,0.0
2020,Danuel House,SF,26,HOU,48,37,31.0,3.6,8.6,.421,2.1,5.6,.375,1.5,3.0,.507,.544,1.3,1.6,.789,1.1,3.4,4.5,1.3,1.1,0.6,0.9,2.1,10.6
2020,Dwight Howard,C,34,LAL,53,2,19.8,3.2,4.3,.738,0.1,0.1,.600,3.1,4.2,.741,.745,1.4,2.9,.468,2.7,5.2,7.8,0.7,0.4,1.3,1.2,3.2,7.8
2020,William Howard,SG,26,HOU,2,0,6.5,0.0,2.0,.000,0.0,2.0,.000,0.0,0.0,,.000,0.0,0.0,,0.0,1.0,1.0,0.5,0.0,0.0,0.5,0.5,0.0
2020,Kevin Huerter,SG,21,ATL,45,37,30.3,4.5,10.7,.418,2.3,5.8,.392,2.2,4.8,.450,.525,1.0,1.3,.825,0.6,3.5,4.1,3.4,0.8,0.5,1.6,2.4,12.3
2020,De'Andre Hunter,SF,22,ATL,53,52,31.6,4.5,10.9,.410,1.6,4.8,.345,2.8,6.1,.460,.485,1.7,2.2,.759,0.5,3.4,4.0,1.8,0.8,0.3,1.6,2.8,12.2
2020,Chandler Hutchison,SF,23,CHI,28,10,18.8,2.9,6.3,.457,0.4,1.4,.316,2.4,4.9,.496,.491,1.6,2.8,.590,0.6,3.2,3.9,0.9,1.0,0.3,1.0,1.7,7.8
2020,Serge Ibaka,C,30,TOR,44,21,27.2,6.5,12.5,.526,1.3,3.1,.404,5.3,9.4,.566,.576,1.8,2.4,.738,2.0,6.0,8.0,1.4,0.5,0.8,1.9,2.8,16.1
2020,Andre Iguodala,SG,36,MIA,3,0,21.0,1.7,3.0,.556,1.0,2.3,.429,0.7,0.7,1.000,.722,0.0,0.0,,1.7,3.7,5.3,2.3,0.3,0.3,1.3,2.3,4.3
2020,Ersan İlyasova,PF,32,MIL,50,7,16.2,2.7,5.6,.472,0.9,2.4,.373,1.8,3.3,.543,.550,1.2,1.5,.836,1.1,3.9,5.0,0.9,0.4,0.3,0.6,1.6,7.4
2020,Joe Ingles,SF,32,UTA,54,34,30.1,3.5,8.1,.433,2.0,5.1,.396,1.5,3.0,.497,.557,1.0,1.3,.789,0.4,3.7,4.0,5.2,0.9,0.1,1.9,2.1,10.0
2020,Brandon Ingram,PF,22,NOP,47,47,34.1,8.5,18.0,.473,2.5,6.3,.400,6.0,11.7,.513,.543,5.3,6.1,.862,0.9,5.5,6.4,4.2,1.0,0.7,3.0,2.8,24.9
2020,Kyrie Irving,PG,27,BRK,20,20,32.9,10.0,20.8,.478,2.8,7.1,.394,7.2,13.7,.522,.546,4.7,5.1,.922,1.1,4.1,5.2,6.4,1.4,0.5,2.6,2.7,27.4
2020,Jonathan Isaac,SF,22,ORL,32,32,29.7,4.7,10.1,.463,0.9,2.8,.330,3.7,7.2,.515,.509,1.8,2.3,.767,1.8,5.2,6.9,1.4,1.6,2.4,1.5,2.5,12.0
2020,Wesley Iwundu,SF,25,ORL,41,15,18.3,1.7,4.3,.382,0.5,1.5,.323,1.2,2.8,.414,.438,1.3,1.6,.818,0.5,2.0,2.6,1.1,0.6,0.2,0.4,1.5,5.1
2020,Frank Jackson,PG,21,NOP,44,1,13.2,2.1,5.1,.406,0.8,2.4,.317,1.3,2.7,.483,.480,1.0,1.3,.772,0.3,0.9,1.3,0.8,0.3,0.1,0.9,1.4,5.9
2020,Jaren Jackson,C,20,MEM,52,52,28.1,6.2,13.2,.468,2.5,6.3,.397,3.7,6.8,.534,.563,2.3,3.0,.747,1.0,3.8,4.8,1.4,0.7,1.7,1.7,4.1,17.1
2020,Josh Jackson,SG,22,MEM,7,0,17.6,2.1,5.9,.366,0.4,2.6,.167,1.7,3.3,.522,.402,1.3,1.9,.692,0.7,3.1,3.9,0.9,0.9,0.1,1.4,1.4,6.0
2020,Justin Jackson,PF,24,DAL,49,2,16.1,2.2,5.6,.394,0.8,2.7,.301,1.4,2.9,.482,.467,0.6,0.7,.853,0.4,1.9,2.4,0.7,0.2,0.1,0.2,1.1,5.8
2020,Reggie Jackson,PG,29,DET,14,10,27.2,5.4,14.1,.384,2.2,5.9,.378,3.2,8.3,.388,.462,1.9,2.4,.788,0.8,2.1,2.9,5.1,0.6,0.1,1.6,1.5,14.9
2020,Justin James,SG,23,SAC,31,0,7.0,1.1,2.5,.423,0.3,0.8,.346,0.8,1.7,.462,.481,0.3,0.7,.476,0.2,0.8,1.0,0.5,0.2,0.3,0.3,0.5,2.7
2020,LeBron James,PG,35,LAL,51,51,34.9,9.6,19.6,.489,2.1,6.2,.345,7.4,13.4,.556,.544,3.7,5.4,.687,1.0,6.8,7.8,10.8,1.3,0.4,4.0,1.7,25.0
2020,Amile Jefferson,PF,26,ORL,18,0,4.1,0.3,0.8,.357,0.0,0.0,,0.3,0.8,.357,.357,0.3,0.8,.357,0.6,0.7,1.3,0.2,0.1,0.2,0.2,0.4,0.8
2020,DaQuan Jeffries,SG,22,SAC,6,0,3.2,0.5,1.2,.429,0.2,0.7,.250,0.3,0.5,.667,.500,0.0,0.0,,0.2,0.0,0.2,0.2,0.2,0.0,0.0,0.5,1.2
2020,Ty Jerome,PG,22,PHO,21,0,11.8,1.5,4.0,.376,0.5,1.7,.314,1.0,2.4,.420,.441,0.4,0.6,.750,0.3,1.4,1.7,1.8,0.7,0.1,0.7,1.1,4.0
2020,Alize Johnson,SF,23,IND,11,0,4.2,0.6,1.3,.500,0.0,0.0,,0.6,1.3,.500,.500,0.4,0.5,.667,0.5,0.8,1.4,0.2,0.0,0.0,0.1,0.5,1.6
2020,B.J. Johnson,SF,24,ORL,8,0,5.8,0.6,2.3,.278,0.1,0.8,.167,0.5,1.5,.333,.306,0.3,0.3,1.000,0.1,0.6,0.8,0.3,0.3,0.0,0.4,0.0,1.6
2020,Cameron Johnson,PF,23,PHO,42,1,19.8,2.6,6.4,.411,1.7,4.5,.390,0.9,2.0,.458,.546,0.7,1.0,.750,0.9,2.0,2.9,1.1,0.6,0.3,0.6,1.4,7.7
2020,James Johnson,PF,32,TOT,21,1,17.2,2.3,5.2,.450,1.0,2.6,.382,1.3,2.6,.519,.546,0.5,1.0,.550,0.6,2.6,3.2,1.6,0.6,0.8,1.1,2.1,6.2
2020,James Johnson,PF,32,MIA,18,0,15.6,2.2,4.8,.448,0.9,2.5,.356,1.3,2.3,.548,.540,0.4,0.8,.571,0.4,2.4,2.9,1.2,0.3,0.7,0.8,1.9,5.7
2020,James Johnson,PF,32,MIN,3,1,26.7,3.3,7.3,.455,1.7,3.3,.500,1.7,4.0,.417,.568,1.0,2.0,.500,1.3,3.7,5.0,4.3,2.0,1.3,3.0,3.3,9.3
2020,Keldon Johnson,SF,20,SAS,4,0,3.0,0.5,1.3,.400,0.0,0.0,,0.5,1.3,.400,.400,0.0,0.0,,0.0,0.8,0.8,0.0,0.0,0.0,0.0,0.0,1.0
2020,Stanley Johnson,PF,23,TOR,17,0,4.9,0.5,1.6,.286,0.1,0.7,.167,0.4,0.9,.375,.321,0.2,0.2,.750,0.2,0.9,1.1,0.4,0.2,0.1,0.5,0.5,1.2
2020,Tyler Johnson,SG,27,PHO,31,3,16.6,2.1,5.5,.380,0.8,2.7,.289,1.3,2.8,.466,.450,0.8,1.0,.750,0.3,1.4,1.7,1.6,0.4,0.3,0.8,1.4,5.7
2020,Nikola Jokić,C,24,DEN,55,55,32.5,8.0,15.4,.518,1.2,3.8,.329,6.8,11.7,.579,.558,3.4,4.2,.810,2.4,7.8,10.2,6.9,1.2,0.7,3.0,3.1,20.6
2020,Damian Jones,C,24,ATL,51,27,16.7,2.3,3.4,.686,0.0,0.2,.250,2.3,3.2,.707,.692,1.2,1.6,.738,1.4,2.4,3.8,0.6,0.5,0.7,0.5,2.7,5.9
2020,Derrick Jones,SF,22,MIA,40,6,24.7,3.1,6.2,.494,0.7,2.5,.286,2.4,3.8,.629,.550,1.9,2.4,.779,1.0,3.2,4.2,0.9,1.0,0.7,0.6,2.2,8.7
2020,Tyus Jones,PG,23,MEM,54,6,18.9,2.9,6.2,.468,0.6,1.6,.386,2.3,4.5,.498,.520,0.5,0.7,.778,0.1,1.4,1.6,4.5,0.9,0.1,0.9,0.6,6.9
2020,DeAndre Jordan,C,31,BRK,45,4,21.3,3.3,5.0,.670,0.0,0.0,,3.3,5.0,.670,.670,1.4,2.0,.696,2.4,7.5,9.9,2.0,0.4,1.0,1.4,1.9,8.1
2020,Cory Joseph,PG,28,SAC,54,21,24.8,2.5,6.0,.409,0.7,2.2,.342,1.7,3.9,.447,.471,0.7,0.9,.813,0.6,2.1,2.6,3.4,0.7,0.3,1.1,1.9,6.4
2020,Mfiondu Kabengele,C,22,LAC,12,0,5.3,1.2,2.7,.438,0.8,1.7,.450,0.4,1.0,.417,.578,0.4,0.4,1.000,0.1,0.8,0.9,0.2,0.2,0.2,0.2,0.8,3.5
2020,Frank Kaminsky,C,26,PHO,32,13,22.4,4.0,8.7,.455,1.2,3.5,.348,2.8,5.2,.527,.525,1.8,2.8,.670,0.9,4.0,4.9,2.2,0.4,0.3,1.0,2.2,11.0
2020,Enes Kanter,C,27,BOS,42,6,18.6,3.9,6.7,.586,0.0,0.2,.143,3.9,6.5,.597,.588,1.3,1.9,.700,2.9,5.3,8.2,1.0,0.4,0.8,1.1,1.9,9.2
2020,Luke Kennard,SG,23,DET,28,25,32.9,5.4,12.2,.442,2.6,6.5,.399,2.8,5.7,.491,.548,2.4,2.7,.893,0.3,3.2,3.5,4.1,0.4,0.2,1.5,2.3,15.8
2020,Stanton Kidd,SF,27,UTA,4,0,3.8,0.0,0.8,.000,0.0,0.3,.000,0.0,0.5,.000,.000,0.0,0.0,,0.0,0.8,0.8,0.3,0.0,0.0,0.5,0.8,0.0
2020,Michael Kidd-Gilchrist,PF,26,CHO,12,0,13.3,1.5,4.4,.340,0.4,1.4,.294,1.1,3.0,.361,.387,0.6,0.8,.778,0.8,2.2,2.9,0.8,0.0,0.3,0.6,1.5,4.0
2020,Louis King,SF,20,DET,10,0,6.2,0.8,2.1,.381,0.4,1.1,.364,0.4,1.0,.400,.476,0.0,0.3,.000,0.1,0.9,1.0,0.5,0.2,0.0,0.2,1.0,2.0
2020,Maxi Kleber,C,28,DAL,54,15,24.9,3.1,6.8,.458,1.6,4.2,.379,1.5,2.6,.586,.575,1.1,1.3,.897,1.6,3.6,5.2,1.0,0.3,1.1,0.7,2.2,8.9
2020,Brandon Knight,PG,28,TOT,17,0,14.9,1.7,5.3,.322,1.2,4.0,.294,0.5,1.3,.409,.433,0.2,0.8,.308,0.2,1.0,1.2,1.8,0.4,0.1,1.2,1.2,4.8
2020,Brandon Knight,PG,28,CLE,16,0,15.1,1.8,5.4,.326,1.2,4.0,.297,0.6,1.4,.409,.436,0.3,0.8,.308,0.2,1.1,1.3,1.9,0.3,0.1,1.0,1.3,4.9
2020,Brandon Knight,PG,28,DET,1,0,13.0,1.0,4.0,.250,1.0,4.0,.250,0.0,0.0,,.375,0.0,0.0,,0.0,0.0,0.0,0.0,1.0,0.0,4.0,1.0,3.0
2020,Kevin Knox,SF,20,NYK,54,4,18.3,2.3,6.3,.368,1.1,3.2,.326,1.3,3.1,.413,.452,1.0,1.6,.651,0.4,2.5,2.9,0.9,0.4,0.4,0.6,1.6,6.8
2020,John Konchar,SG,23,MEM,6,0,5.7,0.5,0.8,.600,0.0,0.3,.000,0.5,0.5,1.000,.600,0.2,0.2,1.000,0.0,0.3,0.3,0.5,0.0,0.0,0.0,0.2,1.2
2020,Furkan Korkmaz,SG,22,PHI,54,12,21.3,3.5,7.9,.437,1.9,5.0,.392,1.5,3.0,.513,.560,0.7,1.0,.712,0.3,2.0,2.3,1.0,0.5,0.2,0.7,1.4,9.6
2020,Luke Kornet,C,24,CHI,35,13,15.5,2.3,5.2,.437,0.9,3.0,.286,1.4,2.2,.641,.519,0.6,0.8,.714,0.6,1.8,2.4,0.9,0.3,0.7,0.4,1.5,6.0
2020,Kyle Korver,SF,38,MIL,47,0,16.6,2.1,5.0,.418,1.6,4.0,.407,0.5,1.0,.458,.580,0.6,0.7,.839,0.3,1.8,2.1,1.2,0.4,0.2,0.8,1.3,6.4
2020,Rodions Kurucs,PF,21,BRK,32,4,13.3,1.8,3.6,.491,0.8,1.7,.463,1.0,1.9,.516,.599,0.4,0.7,.636,0.5,1.9,2.4,0.9,0.4,0.1,1.0,1.8,4.8
2020,Kyle Kuzma,PF,24,LAL,44,6,24.7,4.6,10.6,.437,1.5,4.4,.332,3.2,6.2,.511,.505,1.8,2.5,.743,0.9,3.5,4.4,1.3,0.4,0.4,1.6,1.8,12.6
2020,Skal Labissière,C,23,POR,33,1,17.2,2.5,4.5,.551,0.1,0.4,.231,2.4,4.1,.582,.561,0.8,1.0,.758,2.0,3.2,5.1,1.3,0.2,0.9,0.9,2.7,5.8
2020,Jeremy Lamb,SG,27,IND,44,42,28.7,4.9,10.6,.460,1.2,3.5,.344,3.7,7.1,.518,.517,1.9,2.3,.842,0.5,3.9,4.4,2.1,1.2,0.5,1.1,2.3,12.9
2020,Romeo Langford,SG,20,BOS,18,1,10.2,1.1,2.2,.487,0.2,0.8,.267,0.8,1.3,.625,.538,0.7,0.9,.750,0.3,0.7,1.0,0.2,0.3,0.3,0.3,0.9,3.0
2020,Zach LaVine,SG,24,CHI,55,55,34.5,8.8,19.6,.448,3.1,7.9,.385,5.7,11.7,.491,.526,4.7,5.7,.824,0.7,4.1,4.8,4.1,1.4,0.5,3.3,2.1,25.3
2020,Vic Law,SF,24,ORL,3,0,1.3,0.0,0.7,.000,0.0,0.3,.000,0.0,0.3,.000,.000,0.0,0.7,.000,0.0,0.0,0.0,0.0,0.0,0.0,0.0,0.0,0.0
2020,Jake Layman,PF,25,MIN,14,2,26.4,4.4,9.4,.462,1.4,3.9,.352,3.0,5.6,.538,.534,0.4,0.7,.600,0.9,2.1,2.9,0.8,0.9,0.7,1.3,2.2,10.5
2020,T.J. Leaf,PF,22,IND,22,1,8.2,1.3,3.0,.424,0.2,0.6,.357,1.0,2.4,.442,.462,0.3,0.5,.600,0.9,1.8,2.7,0.3,0.3,0.1,0.3,0.8,3.0
2020,Jalen Lecque,PG,19,PHO,4,0,6.5,1.0,2.5,.400,0.0,1.0,.000,1.0,1.5,.667,.400,0.5,0.5,1.000,0.0,0.0,0.0,0.5,0.0,0.0,0.3,0.5,2.5
2020,Courtney Lee,SG,34,DAL,14,4,10.1,1.6,2.8,.564,0.9,1.7,.542,0.6,1.1,.600,.731,0.0,0.0,,0.1,0.5,0.6,0.4,0.3,0.2,0.2,0.9,4.1
2020,Damion Lee,SG,27,GSW,39,26,27.9,4.1,9.9,.413,1.5,4.2,.356,2.6,5.7,.455,.488,2.3,2.6,.882,0.8,4.1,4.9,2.5,1.0,0.1,1.3,2.3,12.0
2020,Alex Len,C,26,ATL,40,9,18.6,3.6,6.5,.546,0.4,1.4,.250,3.2,5.1,.627,.573,1.3,2.0,.630,1.7,4.0,5.8,1.1,0.5,0.8,1.0,2.3,8.7
2020,Kawhi Leonard,SF,28,LAC,42,42,32.5,9.5,20.5,.463,2.1,5.7,.374,7.4,14.8,.497,.515,6.1,6.8,.895,1.0,6.5,7.5,5.3,1.8,0.7,3.0,1.9,27.2
2020,Meyers Leonard,C,27,MIA,49,49,20.1,2.4,4.6,.520,1.0,2.4,.429,1.3,2.1,.625,.635,0.3,0.5,.654,0.6,4.5,5.1,1.1,0.3,0.3,0.7,2.1,6.1
2020,Caris LeVert,SG,25,BRK,28,14,27.3,5.6,14.0,.404,1.5,3.9,.376,4.2,10.1,.415,.457,2.5,3.5,.707,0.9,2.7,3.6,3.6,0.9,0.2,2.6,1.8,15.3
2020,Damian Lillard,PG,29,POR,54,54,37.0,9.4,20.4,.460,3.9,10.0,.393,5.5,10.4,.524,.556,6.8,7.7,.889,0.5,3.8,4.4,7.9,1.0,0.3,2.9,1.7,29.5
2020,Nassir Little,PF,19,POR,39,5,12.7,1.4,3.3,.430,0.3,1.3,.255,1.1,2.0,.545,.480,0.7,1.0,.667,0.7,1.8,2.5,0.5,0.3,0.4,0.4,1.6,3.8
2020,Kevon Looney,C,23,GSW,15,3,11.7,1.2,3.4,.353,0.1,0.5,.143,1.1,2.9,.386,.363,0.4,0.6,.667,1.5,1.6,3.1,0.7,0.5,0.3,0.5,1.7,2.9
2020,Brook Lopez,C,31,MIL,52,51,26.8,3.9,9.2,.429,1.4,4.7,.298,2.5,4.5,.564,.504,1.4,1.7,.828,0.6,3.9,4.5,1.6,0.7,2.6,1.0,2.3,10.6
2020,Robin Lopez,C,31,MIL,50,2,13.7,2.2,4.3,.500,0.4,1.4,.282,1.8,2.9,.607,.546,0.5,0.9,.535,0.9,1.7,2.6,0.7,0.1,0.7,0.8,1.1,5.2
2020,Kevin Love,PF,31,CLE,46,46,31.3,6.0,13.0,.457,2.6,6.8,.380,3.4,6.2,.540,.556,3.2,3.7,.853,0.9,8.9,9.8,3.0,0.6,0.3,2.5,1.6,17.7
2020,Kyle Lowry,PG,33,TOR,43,43,36.5,6.0,14.2,.420,2.9,8.0,.357,3.1,6.2,.502,.520,4.8,5.6,.855,0.6,4.1,4.7,7.6,1.2,0.4,2.9,3.2,19.6
2020,Timothé Luwawu-Cabarrot,SG,24,BRK,28,0,15.1,1.6,4.0,.411,0.9,2.2,.393,0.8,1.8,.431,.518,1.1,1.4,.789,0.4,1.7,2.1,0.5,0.5,0.1,0.8,1.7,5.2
2020,Trey Lyles,PF,24,SAS,54,44,18.4,2.1,4.8,.434,0.8,2.4,.354,1.2,2.4,.511,.521,0.4,0.6,.688,1.2,4.5,5.6,1.0,0.3,0.4,0.6,1.5,5.4
2020,Daryl Macon,SG,24,MIA,4,0,3.5,0.3,0.8,.333,0.3,0.5,.500,0.0,0.3,.000,.500,0.0,0.0,,0.0,0.0,0.0,0.3,0.0,0.0,0.5,0.3,0.8
2020,J.P. Macura,SG,24,CLE,1,0,1.0,0.0,0.0,,0.0,0.0,,0.0,0.0,,,0.0,0.0,,0.0,0.0,0.0,0.0,0.0,0.0,0.0,0.0,0.0
2020,Josh Magette,PG,30,ORL,8,0,4.8,0.6,1.9,.333,0.1,0.5,.250,0.5,1.4,.364,.367,0.1,0.3,.500,0.1,0.6,0.8,0.6,0.4,0.1,0.6,0.5,1.5
2020,Ian Mahinmi,C,33,WAS,33,30,22.0,2.9,5.8,.503,0.2,0.7,.208,2.8,5.1,.545,.516,1.9,3.1,.634,2.2,3.9,6.1,1.3,0.7,1.3,1.3,3.0,7.9
2020,Thon Maker,C,22,DET,52,11,12.7,1.5,3.0,.513,0.3,1.0,.333,1.2,2.0,.602,.568,1.3,2.0,.667,0.9,1.7,2.7,0.6,0.4,0.6,0.8,1.7,4.7
2020,Terance Mann,SG,23,LAC,34,6,7.9,0.6,1.6,.407,0.1,0.4,.250,0.6,1.2,.452,.435,0.3,0.4,.750,0.1,0.9,1.0,1.1,0.2,0.1,0.4,1.1,1.6
2020,Boban Marjanović,C,31,DAL,28,1,9.1,2.4,4.3,.545,0.1,0.3,.333,2.3,4.0,.563,.558,1.0,1.3,.730,1.3,2.8,4.0,0.4,0.1,0.2,0.7,1.4,5.8
2020,Lauri Markkanen,PF,22,CHI,46,46,30.3,5.1,12.0,.424,2.2,6.4,.344,2.9,5.6,.516,.515,2.7,3.2,.826,1.2,5.2,6.5,1.5,0.8,0.5,1.7,2.0,15.0
2020,Caleb Martin,SF,24,CHO,8,1,12.4,1.0,3.1,.320,0.3,1.0,.250,0.8,2.1,.353,.360,0.5,0.9,.571,0.3,1.4,1.6,0.6,0.4,0.3,0.5,1.6,2.8
2020,Cody Martin,SF,24,CHO,37,1,16.0,1.6,3.8,.433,0.4,1.5,.259,1.3,2.4,.540,.482,0.8,1.2,.667,0.8,2.1,2.8,1.4,0.7,0.2,0.7,1.5,4.5
2020,Jeremiah Martin,PG,23,BRK,2,0,5.5,0.5,2.0,.250,0.0,0.0,,0.5,2.0,.250,.250,0.0,0.0,,0.0,0.5,0.5,0.5,0.5,0.0,0.0,0.0,1.0
2020,Kelan Martin,SF,24,MIN,22,4,16.8,2.3,6.0,.382,0.8,3.1,.265,1.5,2.9,.508,.450,0.5,0.5,1.000,0.3,3.0,3.3,0.5,0.3,0.3,0.5,1.8,5.9
2020,Frank Mason,PG,25,MIL,4,0,4.5,0.3,1.8,.143,0.3,1.0,.250,0.0,0.8,.000,.214,0.5,1.0,.500,0.3,0.3,0.5,1.3,0.3,0.0,0.3,0.5,1.3
2020,Garrison Mathews,SG,23,WAS,16,0,12.6,1.4,3.1,.460,1.1,2.6,.429,0.3,0.5,.625,.640,1.8,2.0,.906,0.4,1.1,1.4,0.6,0.2,0.1,0.4,1.6,5.8
2020,Wesley Matthews,SG,33,MIL,51,51,24.6,2.5,6.3,.406,1.6,4.3,.371,0.9,1.9,.485,.534,0.8,1.0,.774,0.2,2.3,2.5,1.4,0.6,0.2,0.7,1.5,7.5
2020,Patrick McCaw,SF,24,TOR,31,11,24.1,1.9,4.4,.438,0.7,1.9,.362,1.3,2.5,.494,.515,0.4,0.5,.750,0.5,1.6,2.2,2.3,1.1,0.1,0.8,1.5,4.9
2020,CJ McCollum,SG,28,POR,52,52,35.7,8.5,19.0,.446,2.7,7.0,.383,5.8,11.9,.484,.517,1.7,2.2,.750,0.6,3.3,3.9,3.8,0.7,0.6,1.8,2.6,21.3
2020,T.J. McConnell,PG,27,IND,53,3,19.2,3.1,5.9,.524,0.1,0.2,.308,3.0,5.7,.533,.530,0.5,0.7,.829,0.5,2.2,2.7,5.2,0.7,0.2,1.4,1.1,6.8
2020,Jalen McDaniels,PF,22,CHO,5,0,13.0,2.0,3.2,.625,0.8,1.4,.571,1.2,1.8,.667,.750,0.6,0.6,1.000,0.4,2.0,2.4,0.2,0.6,0.0,0.0,1.0,5.4
2020,Doug McDermott,PF,28,IND,55,0,20.6,3.9,8.1,.485,1.9,4.4,.442,2.0,3.7,.537,.605,0.7,0.8,.800,0.4,2.2,2.6,1.1,0.1,0.1,0.6,1.7,10.4
2020,JaVale McGee,C,32,LAL,51,51,16.8,3.1,4.8,.644,0.1,0.1,.500,3.1,4.7,.647,.650,0.8,1.3,.642,1.9,3.9,5.8,0.6,0.5,1.6,0.8,2.4,7.1
2020,Rodney McGruder,SG,28,LAC,43,3,16.4,1.3,3.4,.384,0.5,1.7,.270,0.8,1.7,.500,.452,0.3,0.6,.500,0.6,2.3,2.8,0.7,0.5,0.2,0.4,1.5,3.4
2020,Alfonzo McKinnie,SF,27,CLE,37,1,14.4,1.7,4.1,.414,0.3,1.6,.203,1.4,2.5,.548,.454,0.5,0.8,.690,0.8,1.9,2.8,0.4,0.6,0.2,0.6,1.7,4.3
2020,Jordan McLaughlin,PG,23,MIN,19,1,19.1,2.6,5.8,.455,0.9,2.6,.340,1.7,3.2,.550,.532,0.5,0.8,.667,0.2,1.5,1.7,3.8,1.0,0.1,0.7,0.9,6.7
2020,Ben McLemore,SG,26,HOU,54,18,23.6,3.4,7.9,.436,2.5,6.6,.381,0.9,1.4,.699,.594,0.8,1.1,.759,0.3,1.9,2.2,0.9,0.6,0.2,0.8,2.0,10.2
2020,Jordan McRae,SG,28,TOT,31,4,21.9,4.4,10.4,.419,1.4,3.5,.382,3.0,6.8,.439,.484,2.2,2.8,.770,0.6,2.9,3.5,2.8,0.6,0.5,1.2,2.0,12.2
2020,Jordan McRae,SG,28,WAS,29,4,22.6,4.6,10.9,.420,1.4,3.7,.377,3.2,7.3,.441,.483,2.2,2.9,.771,0.6,3.0,3.6,2.8,0.7,0.5,1.3,2.1,12.8
2020,Jordan McRae,SG,28,DEN,2,0,12.5,1.0,2.5,.400,1.0,2.0,.500,0.0,0.5,.000,.600,1.5,2.0,.750,0.5,2.0,2.5,2.0,0.5,0.5,0.0,1.0,4.5
2020,Nicolò Melli,C,29,NOP,43,6,15.8,2.1,4.8,.449,1.1,3.0,.374,1.0,1.7,.581,.568,0.7,0.9,.769,0.6,2.2,2.8,1.1,0.6,0.3,0.7,1.9,6.1
2020,De'Anthony Melton,PG,21,MEM,41,0,18.4,2.9,6.6,.439,0.5,1.9,.273,2.4,4.7,.505,.478,1.7,2.0,.831,0.7,3.0,3.6,3.0,1.3,0.3,1.5,1.8,8.0
2020,Chimezie Metu,PF,22,SAS,15,0,4.3,1.1,1.9,.552,0.0,0.0,,1.1,1.9,.552,.552,0.4,0.5,.750,0.6,0.9,1.5,0.3,0.1,0.3,0.2,0.2,2.5
2020,Khris Middleton,SF,28,MIL,47,44,29.6,7.4,14.9,.501,2.4,5.5,.438,5.0,9.3,.539,.583,3.1,3.5,.902,0.8,5.4,6.1,4.3,1.0,0.1,2.0,2.1,20.4
2020,Eric Mika,PF,25,SAC,1,0,19.0,2.0,3.0,.667,0.0,0.0,,2.0,3.0,.667,.667,2.0,2.0,1.000,2.0,5.0,7.0,0.0,0.0,0.0,0.0,5.0,6.0
2020,C.J. Miles,SG,32,WAS,10,0,16.1,1.9,5.9,.322,1.1,3.5,.314,0.8,2.4,.333,.415,1.5,2.0,.750,0.4,0.8,1.2,1.2,1.0,0.4,0.4,1.4,6.4
2020,Malcolm Miller,SF,26,TOR,22,1,5.3,0.3,1.0,.333,0.2,0.7,.313,0.1,0.2,.400,.452,0.0,0.3,.167,0.0,0.6,0.6,0.4,0.2,0.1,0.1,0.5,0.9
2020,Patty Mills,PG,31,SAS,54,1,23.1,4.0,9.2,.435,2.4,6.2,.390,1.6,3.0,.524,.565,1.3,1.6,.826,0.3,1.3,1.6,1.9,0.8,0.1,0.9,1.4,11.7
2020,Paul Millsap,PF,34,DEN,35,32,24.4,4.2,8.8,.476,1.1,2.4,.440,3.1,6.4,.489,.536,2.7,3.1,.853,2.0,3.9,5.9,1.6,0.9,0.7,1.2,2.8,12.1
2020,Shake Milton,SG,23,PHI,22,8,14.9,2.2,5.1,.429,0.9,2.6,.333,1.3,2.5,.527,.513,1.0,1.4,.767,0.3,1.8,2.0,1.5,0.4,0.0,1.0,1.9,6.3
2020,Donovan Mitchell,SG,23,UTA,53,53,34.4,9.0,19.7,.457,2.4,6.7,.363,6.6,13.0,.505,.519,3.9,4.5,.861,0.7,3.6,4.3,4.3,1.1,0.2,2.7,2.4,24.3
2020,Naz Mitrou-Long,SG,26,IND,3,0,14.3,2.0,5.3,.375,0.7,3.7,.182,1.3,1.7,.800,.438,0.0,0.0,,0.0,2.0,2.0,2.3,0.3,0.3,0.7,0.3,4.7
2020,Adam Mokoka,SG,21,CHI,6,0,3.7,1.0,2.5,.400,0.5,1.2,.429,0.5,1.3,.375,.500,0.0,0.3,.000,0.7,0.0,0.7,0.0,0.2,0.0,0.0,0.2,2.5
2020,Malik Monk,SG,21,CHO,52,0,20.9,3.8,8.6,.438,1.0,3.6,.285,2.8,5.0,.548,.498,1.4,1.7,.816,0.5,2.3,2.8,2.0,0.5,0.3,1.4,1.3,9.9
2020,Matt Mooney,SG,22,CLE,2,0,2.5,0.5,1.0,.500,0.0,0.5,.000,0.5,0.5,1.000,.500,0.0,0.0,,0.0,0.5,0.5,0.5,0.0,0.5,0.0,0.5,1.0
2020,E'Twaun Moore,SG,30,NOP,42,5,20.0,3.8,8.9,.428,1.3,3.5,.374,2.5,5.4,.463,.501,0.6,0.9,.641,0.6,2.0,2.6,1.5,0.5,0.2,0.7,1.5,9.5
2020,Ja Morant,PG,20,MEM,48,48,29.9,6.7,13.6,.493,0.8,2.2,.358,5.9,11.4,.519,.522,3.5,4.4,.783,0.7,2.9,3.5,7.1,1.0,0.3,3.2,1.6,17.6
2020,Juwan Morgan,PF,22,UTA,13,0,4.1,0.5,1.0,.538,0.1,0.3,.250,0.5,0.7,.667,.577,0.0,0.0,,0.4,0.7,1.1,0.1,0.0,0.1,0.2,0.5,1.2
2020,Marcus Morris,SF-PF,30,TOT,46,46,32.3,6.4,14.5,.442,2.6,6.1,.432,3.8,8.4,.448,.532,3.5,4.3,.823,1.1,4.3,5.4,1.4,0.8,0.4,1.7,3.0,19.0
2020,Marcus Morris,SF,30,NYK,43,43,32.3,6.5,14.8,.442,2.7,6.1,.439,3.8,8.7,.444,.533,3.8,4.6,.823,1.1,4.3,5.4,1.4,0.8,0.4,1.7,3.0,19.6
2020,Marcus Morris,PF,30,LAC,3,3,33.0,4.7,10.7,.438,1.7,5.3,.313,3.0,5.3,.563,.516,0.0,0.0,,0.7,5.0,5.7,1.7,1.0,1.0,1.3,3.3,11.0
2020,Markieff Morris,PF,30,DET,44,16,22.5,4.0,8.8,.450,1.7,4.3,.397,2.3,4.5,.500,.546,1.4,1.8,.772,0.5,3.4,3.9,1.6,0.6,0.3,1.6,2.4,11.0
2020,Monte Morris,PG,24,DEN,55,8,21.1,3.4,7.5,.459,0.9,2.1,.402,2.6,5.3,.481,.516,0.8,1.0,.800,0.3,1.4,1.8,3.6,0.7,0.2,0.7,0.9,8.5
2020,Johnathan Motley,PF,24,LAC,13,0,3.2,0.8,1.2,.733,0.1,0.1,1.000,0.8,1.1,.714,.767,0.4,0.5,.714,0.2,0.5,0.8,0.6,0.2,0.0,0.4,0.5,2.2
2020,Emmanuel Mudiay,PG,23,UTA,45,1,16.1,2.8,6.1,.467,0.6,1.6,.361,2.3,4.5,.505,.515,1.0,1.4,.726,0.4,2.1,2.4,2.3,0.4,0.2,1.4,1.3,7.3
2020,Dejounte Murray,PG,23,SAS,50,42,24.6,4.2,8.7,.485,0.6,1.5,.378,3.7,7.2,.507,.517,1.4,1.7,.791,1.2,4.6,5.8,4.0,1.6,0.3,1.9,2.2,10.4
2020,Jamal Murray,PG,22,DEN,45,45,32.3,7.0,15.5,.454,1.8,5.3,.345,5.2,10.2,.511,.513,3.0,3.4,.894,0.8,3.2,3.9,4.8,1.2,0.3,2.2,1.8,18.9
2020,Džanan Musa,SF,20,BRK,35,0,11.5,1.4,4.0,.360,0.4,1.9,.231,1.0,2.1,.473,.414,0.9,1.3,.750,0.5,1.5,2.0,0.9,0.4,0.0,0.8,0.7,4.2
2020,Mike Muscala,C,28,OKC,37,0,12.5,1.6,4.0,.401,1.1,3.0,.357,0.5,0.9,.543,.537,0.5,0.6,.818,0.3,2.1,2.4,0.8,0.2,0.3,0.4,1.2,4.8
2020,Sviatoslav Mykhailiuk,SF,22,DET,47,18,22.1,2.9,6.8,.431,2.0,4.8,.422,0.9,2.0,.452,.580,1.0,1.2,.860,0.3,1.4,1.7,1.6,0.6,0.1,1.0,1.5,8.9
2020,Abdel Nader,SF,26,OKC,39,5,15.1,2.0,4.4,.459,0.7,2.2,.341,1.3,2.2,.575,.544,0.9,1.2,.783,0.3,1.3,1.6,0.6,0.4,0.3,0.8,1.3,5.7
2020,Larry Nance,C,27,CLE,45,7,25.1,3.8,7.2,.528,1.0,2.9,.349,2.8,4.4,.645,.597,0.8,1.2,.679,1.8,5.5,7.3,2.0,0.8,0.5,1.0,1.6,9.5
2020,Shabazz Napier,PG,28,TOT,40,22,23.4,3.2,7.8,.406,1.4,4.4,.309,1.8,3.4,.533,.494,2.0,2.5,.827,0.5,2.5,3.0,5.1,1.1,0.2,2.1,1.7,9.7
2020,Shabazz Napier,PG,28,MIN,36,22,23.8,3.2,7.9,.403,1.3,4.4,.296,1.9,3.4,.540,.486,2.0,2.4,.818,0.5,2.6,3.1,5.2,1.1,0.2,2.1,1.7,9.6
2020,Shabazz Napier,PG,28,WAS,4,0,19.5,3.0,6.8,.444,1.8,4.0,.438,1.3,2.8,.455,.574,2.3,2.5,.900,0.8,1.8,2.5,3.8,1.0,0.3,2.3,1.5,10.0
2020,Raul Neto,PG,27,PHI,44,2,10.9,1.5,3.5,.438,0.5,1.4,.381,1.0,2.0,.478,.516,0.3,0.4,.778,0.3,0.8,1.1,1.5,0.5,0.1,0.8,0.8,3.9
2020,Malik Newman,SG,22,CLE,1,0,4.0,0.0,2.0,.000,0.0,1.0,.000,0.0,1.0,.000,.000,2.0,2.0,1.000,0.0,0.0,0.0,0.0,0.0,0.0,1.0,0.0,2.0
2020,Georges Niang,PF,26,UTA,48,0,13.6,2.1,4.5,.459,1.3,3.1,.416,0.8,1.4,.551,.601,0.4,0.5,.864,0.2,1.6,1.8,0.7,0.3,0.1,0.5,1.2,5.9
2020,Nerlens Noel,C,25,OKC,46,6,18.7,3.2,4.7,.673,0.0,0.1,.333,3.2,4.7,.678,.675,1.5,1.9,.791,1.6,3.5,5.2,1.1,1.0,1.5,1.0,2.5,7.8
2020,Zach Norvell,SG,22,TOT,5,0,8.2,0.6,2.4,.250,0.6,1.6,.375,0.0,0.8,.000,.375,0.2,0.2,1.000,0.0,1.2,1.2,0.6,0.4,0.0,0.6,0.8,2.0
2020,Zach Norvell,SG,22,LAL,2,0,2.5,0.0,0.5,.000,0.0,0.0,,0.0,0.5,.000,.000,0.0,0.0,,0.0,0.5,0.5,0.0,0.0,0.0,0.0,0.0,0.0
2020,Zach Norvell,SG,22,GSW,3,0,12.0,1.0,3.7,.273,1.0,2.7,.375,0.0,1.0,.000,.409,0.3,0.3,1.000,0.0,1.7,1.7,1.0,0.7,0.0,1.0,1.3,3.3
2020,Jaylen Nowell,SG,20,MIN,9,0,11.3,1.6,4.3,.359,0.3,2.2,.150,1.2,2.1,.579,.397,1.0,1.1,.900,0.2,0.8,1.0,1.2,0.0,0.1,0.3,0.7,4.4
2020,Frank Ntilikina,PG,21,NYK,49,25,20.6,2.1,5.6,.382,0.7,2.3,.304,1.4,3.3,.436,.444,0.8,0.9,.864,0.4,1.8,2.2,3.0,0.9,0.3,1.3,2.5,5.8
2020,Kendrick Nunn,SG,24,MIA,51,51,30.0,6.1,13.8,.439,1.9,5.7,.341,4.1,8.2,.507,.509,1.2,1.5,.829,0.3,2.5,2.7,3.5,0.9,0.2,1.7,2.2,15.3
2020,David Nwaba,SF,27,BRK,20,0,13.4,1.9,3.6,.521,0.6,1.4,.429,1.3,2.2,.581,.606,0.9,1.4,.667,0.4,1.9,2.3,0.4,0.6,0.6,0.4,1.6,5.2
2020,Royce O'Neale,PF,26,UTA,54,47,29.2,2.1,4.7,.445,1.2,3.0,.407,0.9,1.7,.511,.574,0.4,0.5,.828,0.4,4.8,5.2,2.5,0.7,0.4,0.9,2.9,5.9
2020,Kyle O'Quinn,C,29,PHI,22,1,10.0,1.5,2.9,.500,0.3,1.0,.333,1.1,2.0,.581,.555,0.2,0.5,.455,1.2,2.5,3.7,1.5,0.2,0.8,0.8,1.3,3.5
2020,Semi Ojeleye,PF,25,BOS,51,4,14.9,1.0,2.5,.395,0.5,1.6,.350,0.5,1.0,.469,.504,0.5,0.5,.889,0.4,1.5,1.9,0.5,0.4,0.1,0.2,1.1,3.0
2020,Jahlil Okafor,C,24,NOP,27,9,15.6,3.3,5.3,.611,0.0,0.1,.500,3.2,5.3,.613,.615,1.4,2.1,.638,1.7,2.6,4.3,1.3,0.3,0.7,1.3,2.3,7.9
2020,Elie Okobo,PG,22,PHO,45,3,13.5,1.4,3.5,.401,0.5,1.4,.359,0.9,2.1,.430,.475,0.9,1.4,.672,0.3,1.3,1.6,2.2,0.5,0.1,0.6,1.0,4.2
2020,Josh Okogie,SG,21,MIN,51,17,24.4,2.7,6.6,.412,0.6,2.6,.250,2.1,4.0,.517,.461,2.5,3.2,.791,1.4,3.0,4.4,1.6,1.1,0.4,1.5,2.1,8.6
2020,KZ Okpala,SF,20,MIA,5,0,5.2,0.6,1.0,.600,0.0,0.2,.000,0.6,0.8,.750,.600,0.2,0.4,.500,0.2,0.8,1.0,0.2,0.4,0.2,0.2,0.4,1.4
2020,Victor Oladipo,SG,27,IND,7,4,25.0,4.0,12.1,.329,1.4,5.9,.244,2.6,6.3,.409,.388,1.7,2.1,.800,0.9,1.1,2.0,2.9,0.6,0.1,1.7,1.3,11.1
2020,Kelly Olynyk,C,28,MIA,48,3,19.5,2.5,5.6,.453,1.3,3.2,.387,1.3,2.3,.545,.566,1.3,1.4,.870,0.7,3.9,4.6,1.5,0.6,0.3,1.1,2.4,7.5
2020,Miye Oni,SG,22,UTA,3,0,2.7,0.0,0.0,,0.0,0.0,,0.0,0.0,,,0.0,0.0,,0.0,0.3,0.3,0.0,0.0,0.0,0.3,0.0,0.0
2020,Cedi Osman,SF,24,CLE,54,54,28.9,4.1,9.2,.442,1.8,4.8,.382,2.2,4.4,.508,.542,0.8,1.3,.643,0.5,2.9,3.4,2.3,0.8,0.3,1.4,2.4,10.8
2020,Kelly Oubre,SF,24,PHO,53,52,34.4,6.7,14.7,.455,2.0,5.6,.359,4.7,9.2,.512,.522,3.5,4.5,.789,1.2,5.4,6.6,1.5,1.2,0.7,1.5,3.4,18.9
2020,Tariq Owens,PF,24,PHO,3,0,5.0,0.3,1.7,.200,0.0,0.7,.000,0.3,1.0,.333,.200,0.7,0.7,1.000,0.7,0.3,1.0,0.0,0.3,0.0,0.0,0.3,1.3
2020,Jeremy Pargo,PG,33,GSW,3,0,14.7,3.7,7.3,.500,1.0,2.3,.429,2.7,5.0,.533,.568,0.0,0.3,.000,0.3,0.7,1.0,2.7,0.3,0.0,1.3,2.7,8.3
2020,Jabari Parker,PF,24,ATL,32,23,26.2,6.2,12.3,.504,1.0,3.6,.270,5.2,8.7,.601,.543,1.7,2.3,.736,1.7,4.3,6.0,1.8,1.3,0.5,1.9,2.9,15.0
2020,Chandler Parsons,SF,31,ATL,5,0,10.8,1.0,3.6,.278,0.8,2.8,.286,0.2,0.8,.250,.389,0.0,0.0,,0.2,1.2,1.4,0.6,0.8,0.2,0.6,0.6,2.8
2020,Eric Paschall,PF,23,GSW,50,24,26.7,5.1,10.5,.482,0.6,2.1,.282,4.5,8.4,.531,.510,2.5,3.3,.774,1.4,3.3,4.7,1.7,0.6,0.2,1.5,2.1,13.2
2020,Anžejs Pasečņiks,C,24,WAS,20,0,18.5,2.7,5.1,.529,0.0,0.1,.000,2.7,5.0,.540,.529,1.6,2.5,.620,1.9,2.9,4.7,0.9,0.4,0.5,1.1,2.9,7.0
2020,Patrick Patterson,PF,30,LAC,45,18,12.8,1.6,4.0,.399,1.1,3.0,.373,0.5,1.0,.477,.539,0.6,0.8,.794,0.6,2.0,2.6,0.6,0.1,0.1,0.3,0.9,4.9
2020,Justin Patton,C,22,OKC,5,0,4.8,0.8,2.0,.400,0.2,0.8,.250,0.6,1.2,.500,.450,0.0,0.0,,0.2,0.8,1.0,0.4,0.0,0.0,0.4,0.8,1.8
2020,Chris Paul,PG,34,OKC,54,54,31.8,6.1,12.6,.485,1.6,4.5,.362,4.5,8.1,.553,.549,3.6,4.0,.898,0.4,4.7,5.0,6.7,1.6,0.1,2.1,2.3,17.4
2020,Elfrid Payton,PG,25,NYK,36,27,27.4,4.3,9.9,.430,0.4,1.6,.237,3.9,8.3,.468,.449,0.8,1.6,.536,1.2,3.5,4.7,6.9,1.7,0.4,2.0,2.1,9.7
2020,Gary Payton,PG,27,WAS,23,17,17.7,1.9,4.7,.411,0.5,1.7,.300,1.4,2.9,.478,.467,0.2,0.3,.500,1.1,2.1,3.2,2.0,1.4,0.3,0.8,2.1,4.5
2020,Norvel Pelle,C,26,PHI,16,0,10.3,1.1,1.8,.586,0.0,0.0,,1.1,1.8,.586,.586,0.4,0.8,.500,0.9,2.5,3.4,0.4,0.1,1.4,0.8,2.2,2.5
2020,Theo Pinson,SG,24,BRK,28,0,12.2,1.6,5.4,.293,0.5,2.8,.195,1.0,2.6,.397,.343,0.5,0.6,.938,0.4,1.4,1.7,1.9,0.5,0.1,1.1,1.2,4.2
2020,Mason Plumlee,C,29,DEN,43,1,17.4,3.0,4.9,.605,0.0,0.1,.000,3.0,4.8,.617,.605,1.5,2.7,.553,1.8,3.7,5.6,2.4,0.5,0.6,1.5,2.2,7.4
2020,Vincent Poirier,C,26,BOS,18,0,6.0,0.8,1.7,.467,0.1,0.1,.500,0.7,1.6,.464,.483,0.3,0.4,.857,0.5,1.3,1.8,0.4,0.1,0.3,0.3,1.2,1.9
2020,Jakob Pöltl,C,24,SAS,54,9,17.1,2.4,3.8,.626,0.0,0.0,,2.4,3.8,.626,.626,0.6,1.3,.500,1.8,3.6,5.5,1.8,0.5,1.5,0.8,1.7,5.4
2020,Shamorie Ponds,PG,21,TOR,4,0,2.8,0.8,1.3,.600,0.3,0.5,.500,0.5,0.8,.667,.700,0.5,0.5,1.000,0.0,0.3,0.3,0.5,0.0,0.3,0.0,0.5,2.3
2020,Jordan Poole,SG,20,GSW,48,10,21.5,2.5,8.5,.295,1.2,4.6,.265,1.3,3.9,.330,.366,1.6,1.9,.839,0.1,1.9,2.0,2.0,0.6,0.2,1.0,1.6,7.8
2020,Kevin Porter,SF,19,CLE,42,2,22.7,3.7,8.1,.459,1.0,3.0,.347,2.7,5.2,.523,.522,1.3,1.8,.711,0.4,2.8,3.2,2.0,0.9,0.2,1.9,2.7,9.8
2020,Michael Porter,PF,21,DEN,39,1,14.3,3.1,6.1,.508,1.0,2.3,.432,2.1,3.8,.553,.588,0.8,1.0,.795,1.1,3.3,4.4,0.7,0.4,0.5,0.8,1.7,8.0
2020,Otto Porter,SF,26,CHI,9,9,25.1,3.9,9.3,.417,1.8,4.4,.400,2.1,4.9,.432,.512,1.7,2.2,.750,0.9,2.6,3.4,1.6,1.0,0.3,0.8,2.2,11.2
2020,Bobby Portis,C,24,NYK,55,4,20.8,3.7,8.6,.431,1.0,2.9,.348,2.7,5.7,.473,.489,1.0,1.4,.747,1.4,3.9,5.3,1.6,0.5,0.2,1.1,1.7,9.4
2020,Kristaps Porziņģis,PF,24,DAL,42,42,30.5,6.3,15.2,.416,2.3,6.6,.350,4.0,8.6,.467,.492,3.5,4.5,.775,1.6,7.5,9.1,1.5,0.7,1.9,1.7,3.1,18.4
2020,Dwight Powell,C,28,DAL,40,37,26.5,3.7,5.7,.638,0.3,1.0,.256,3.4,4.8,.716,.659,1.9,2.8,.667,1.9,3.8,5.7,1.5,0.9,0.6,0.9,2.6,9.4
2020,Norman Powell,SG,26,TOR,38,17,28.2,5.5,11.1,.498,2.0,5.1,.401,3.5,6.1,.578,.589,2.2,2.6,.840,0.6,3.3,3.9,1.7,1.3,0.4,1.5,2.0,15.3
2020,Julius Randle,PF,25,NYK,53,53,32.8,7.2,15.9,.455,1.0,3.9,.264,6.2,12.0,.517,.488,3.8,5.3,.712,2.3,7.3,9.6,3.2,0.8,0.3,3.1,2.8,19.3
2020,Josh Reaves,SG,22,DAL,2,0,0.5,0.0,0.5,.000,0.0,0.0,,0.0,0.5,.000,.000,0.0,0.0,,0.0,0.0,0.0,0.0,0.0,0.0,0.0,0.0,0.0
2020,Cam Reddish,SF,20,ATL,48,31,26.0,3.2,9.0,.353,1.3,4.1,.316,1.9,5.0,.382,.424,1.6,2.1,.788,0.6,3.1,3.7,1.5,1.0,0.5,1.6,2.3,9.3
2020,J.J. Redick,SG,35,NOP,50,35,27.2,4.9,10.7,.454,3.0,6.6,.458,1.8,4.1,.449,.596,2.9,3.2,.900,0.2,2.5,2.6,2.0,0.4,0.2,1.2,1.6,15.7
2020,Naz Reid,C,20,MIN,19,0,11.4,2.7,6.4,.418,1.2,3.2,.361,1.5,3.2,.475,.508,0.8,1.1,.762,0.7,2.0,2.7,0.7,0.3,0.5,0.6,2.3,7.4
2020,Josh Richardson,SG,26,PHI,41,39,30.8,5.4,12.3,.437,1.6,4.6,.339,3.8,7.7,.497,.501,2.3,2.9,.795,0.8,2.4,3.2,3.2,0.9,0.6,2.1,2.6,14.6
2020,Austin Rivers,SG,27,HOU,50,4,23.6,3.0,7.4,.412,1.3,4.0,.337,1.7,3.4,.500,.503,1.1,1.5,.688,0.4,2.1,2.4,1.5,0.7,0.2,0.6,1.8,8.5
2020,Duncan Robinson,SF,25,MIA,54,49,29.1,4.2,9.1,.457,3.5,8.1,.438,0.6,1.0,.607,.651,0.7,0.8,.889,0.1,3.1,3.2,1.4,0.5,0.2,0.8,2.9,12.6
2020,Glenn Robinson,SF,26,TOT,50,48,30.8,5.0,10.4,.486,1.4,3.4,.395,3.7,6.9,.530,.551,1.3,1.5,.851,1.3,3.2,4.6,1.7,0.9,0.3,1.0,1.7,12.7
2020,Glenn Robinson,SF,26,GSW,48,48,31.6,5.1,10.6,.481,1.4,3.5,.400,3.7,7.0,.522,.548,1.3,1.5,.851,1.4,3.3,4.7,1.8,0.9,0.3,1.0,1.7,12.9
2020,Glenn Robinson,SF,26,PHI,2,0,12.5,4.0,6.0,.667,0.0,1.0,.000,4.0,5.0,.800,.667,0.0,0.0,,0.5,0.5,1.0,0.5,0.0,0.5,0.5,1.0,8.0
2020,Jerome Robinson,SG,22,TOT,45,1,11.8,1.1,3.4,.338,0.5,1.7,.293,0.6,1.7,.382,.411,0.3,0.5,.571,0.1,1.5,1.6,1.1,0.3,0.2,0.6,1.4,3.0
2020,Jerome Robinson,SG,22,LAC,42,1,11.3,1.1,3.2,.338,0.5,1.6,.284,0.6,1.6,.391,.408,0.3,0.5,.579,0.1,1.3,1.4,1.1,0.3,0.2,0.6,1.3,2.9
2020,Jerome Robinson,SG,22,WAS,3,0,18.3,1.7,5.0,.333,1.0,2.7,.375,0.7,2.3,.286,.433,0.3,0.7,.500,0.0,4.3,4.3,1.3,0.3,0.0,0.7,2.3,4.7
2020,Justin Robinson,PG,22,WAS,9,0,5.4,0.6,1.3,.417,0.3,0.6,.600,0.2,0.8,.286,.542,0.0,0.0,,0.1,0.4,0.6,0.8,0.0,0.1,0.3,0.2,1.4
2020,Mitchell Robinson,C,21,NYK,51,7,22.6,3.9,5.4,.730,0.0,0.0,,3.9,5.4,.730,.730,1.3,2.3,.581,2.9,3.8,6.7,0.5,0.9,1.8,0.6,3.3,9.2
2020,Isaiah Roby,SF,21,OKC,1,0,2.0,0.0,1.0,.000,0.0,0.0,,0.0,1.0,.000,.000,0.0,0.0,,0.0,0.0,0.0,0.0,0.0,0.0,0.0,0.0,0.0
2020,Rajon Rondo,PG,33,LAL,38,2,21.0,3.1,7.2,.429,1.0,2.8,.352,2.1,4.4,.476,.496,0.6,0.9,.727,0.5,2.9,3.3,5.3,0.8,0.1,2.0,1.3,7.8
2020,Derrick Rose,PG,31,DET,45,10,26.2,7.4,15.1,.490,0.9,3.0,.306,6.5,12.1,.536,.521,2.4,2.8,.859,0.5,1.9,2.5,5.8,0.8,0.3,2.5,1.0,18.2
2020,Terrence Ross,SG,28,ORL,53,0,26.8,4.5,11.8,.387,2.2,6.9,.322,2.3,4.8,.480,.482,2.0,2.4,.837,0.2,2.8,3.0,1.1,1.1,0.4,1.0,1.4,13.4
2020,Terry Rozier,PG,25,CHO,53,53,34.2,6.2,14.9,.418,2.6,6.8,.385,3.6,8.2,.445,.505,2.7,3.2,.868,0.8,3.7,4.5,4.1,1.0,0.2,2.4,2.1,17.8
2020,Ricky Rubio,PG,29,PHO,47,47,31.3,4.3,10.7,.401,1.1,3.2,.338,3.2,7.5,.428,.451,2.6,3.1,.829,0.7,3.7,4.4,8.6,1.4,0.2,2.6,2.5,12.3
2020,D'Angelo Russell,PG,23,TOT,35,35,32.2,8.3,19.1,.431,3.7,9.7,.379,4.6,9.5,.485,.527,3.5,4.3,.796,0.4,3.2,3.7,6.3,1.0,0.3,3.1,2.0,23.6
2020,D'Angelo Russell,PG,23,GSW,33,33,32.1,8.3,19.2,.430,3.6,9.7,.374,4.6,9.5,.487,.524,3.4,4.4,.785,0.4,3.3,3.7,6.2,0.9,0.3,3.1,1.9,23.6
2020,D'Angelo Russell,PG,23,MIN,2,2,33.5,8.0,17.5,.457,4.0,8.5,.471,4.0,9.0,.444,.571,4.0,4.0,1.000,0.5,2.5,3.0,8.0,1.5,0.5,4.5,2.5,24.0
2020,Domantas Sabonis,C,23,IND,52,52,34.6,7.3,13.5,.541,0.3,1.1,.224,7.0,12.4,.569,.550,3.4,4.7,.727,3.0,9.4,12.5,4.8,0.7,0.5,2.7,3.3,18.3
2020,JaKarr Sampson,SF,26,IND,18,10,13.8,1.9,3.3,.593,0.1,0.6,.182,1.8,2.7,.688,.610,0.2,0.6,.400,0.6,1.8,2.4,0.2,0.3,0.4,0.3,1.7,4.2
2020,Dario Šarić,PF,25,PHO,48,43,24.8,3.6,8.1,.442,1.2,3.9,.314,2.4,4.3,.558,.517,1.2,1.4,.853,1.5,4.5,6.0,1.9,0.6,0.3,1.2,2.2,9.6
2020,Tomáš Satoranský,PG,28,CHI,55,55,28.6,3.7,8.4,.445,1.1,3.1,.341,2.7,5.3,.507,.509,1.7,1.9,.887,1.0,2.6,3.7,5.3,1.3,0.1,1.9,2.0,10.3
2020,Admiral Schofield,SF,22,WAS,26,2,11.2,1.2,2.9,.400,0.5,1.8,.298,0.6,1.1,.571,.493,0.3,0.5,.692,0.2,1.1,1.3,0.5,0.3,0.1,0.3,1.6,3.2
2020,Dennis Schröder,PG,26,OKC,54,1,31.2,7.2,15.2,.472,2.0,5.2,.387,5.2,10.0,.517,.538,2.9,3.4,.844,0.3,3.5,3.8,4.0,0.6,0.2,2.6,2.2,19.3
2020,Mike Scott,PF,31,PHI,55,7,17.2,2.0,5.0,.396,1.1,3.3,.341,0.9,1.7,.500,.507,0.4,0.5,.889,0.8,2.6,3.4,0.6,0.3,0.1,0.4,1.2,5.5
2020,Thabo Sefolosha,PF,35,HOU,38,0,10.8,1.0,2.2,.435,0.4,1.3,.294,0.6,0.9,.647,.524,0.0,0.2,.167,0.6,1.8,2.4,0.6,0.5,0.3,0.4,1.1,2.4
2020,Collin Sexton,SG,21,CLE,54,54,32.2,7.6,16.5,.460,1.3,3.6,.365,6.3,12.9,.487,.501,3.3,3.8,.859,1.0,2.2,3.2,2.7,1.0,0.1,2.2,2.1,19.8
2020,Landry Shamet,SG,22,LAC,38,26,29.2,3.5,8.0,.436,2.5,6.0,.410,1.0,1.9,.514,.591,1.2,1.3,.918,0.1,2.0,2.1,1.8,0.4,0.2,0.8,3.0,10.6
2020,Marial Shayok,SG,24,PHI,2,0,5.0,0.5,2.5,.200,0.5,1.5,.333,0.0,1.0,.000,.300,0.0,0.0,,0.0,1.5,1.5,0.5,0.0,0.0,0.5,0.0,1.5
2020,Iman Shumpert,SG,29,BRK,13,0,18.5,1.6,4.9,.328,0.6,2.5,.242,1.0,2.4,.419,.391,0.3,0.5,.571,0.7,1.9,2.6,0.9,0.9,0.2,0.8,1.6,4.2
2020,Pascal Siakam,PF,25,TOR,44,44,35.0,8.8,19.1,.458,2.1,5.8,.362,6.6,13.3,.500,.513,3.9,4.8,.802,1.2,6.4,7.5,3.5,1.0,0.9,2.4,2.8,23.5
2020,Chris Silva,PF,23,MIA,37,0,7.8,1.1,1.8,.631,0.0,0.1,.000,1.1,1.7,.651,.631,0.8,1.2,.689,1.4,1.4,2.8,0.5,0.2,0.5,0.8,2.0,3.1
2020,Ben Simmons,PG,23,PHI,53,53,36.3,6.8,11.6,.584,0.0,0.1,.333,6.7,11.5,.586,.585,3.3,5.3,.628,2.0,5.9,7.9,8.3,2.2,0.6,3.6,3.3,16.9
2020,Anfernee Simons,SG,20,POR,55,4,22.2,3.4,8.2,.415,1.2,3.4,.340,2.2,4.8,.468,.486,1.2,1.4,.821,0.4,2.1,2.5,1.5,0.3,0.2,1.0,2.0,9.1
2020,Alen Smailagić,PF,19,GSW,12,0,9.8,1.6,3.0,.528,0.3,0.9,.273,1.3,2.1,.640,.569,1.3,1.5,.833,0.7,1.3,2.0,0.8,0.2,0.3,0.8,1.0,4.7
2020,Marcus Smart,SG,25,BOS,43,29,31.6,4.2,11.0,.383,2.3,6.5,.353,1.9,4.5,.428,.487,1.8,2.2,.832,0.7,2.9,3.6,4.7,1.6,0.5,1.6,2.6,12.5
2020,Dennis Smith,PG,22,NYK,30,2,15.5,2.0,5.9,.341,0.5,1.6,.292,1.5,4.3,.359,.381,0.7,1.5,.478,0.6,1.7,2.3,2.8,0.6,0.3,1.7,1.9,5.2
2020,Ish Smith,PG,31,WAS,53,16,26.4,4.5,9.9,.458,0.9,2.5,.356,3.6,7.3,.494,.504,0.8,1.2,.672,0.5,2.7,3.2,4.7,0.8,0.4,1.3,1.4,10.8
2020,Zhaire Smith,SG,20,PHI,7,0,4.6,0.4,1.6,.273,0.0,0.4,.000,0.4,1.1,.375,.273,0.3,0.6,.500,0.0,0.3,0.3,0.3,0.4,0.0,0.3,0.6,1.1
2020,Tony Snell,SF,28,DET,50,48,27.5,2.9,6.5,.451,1.8,4.4,.412,1.1,2.1,.533,.590,0.4,0.4,1.000,0.1,1.6,1.8,1.9,0.5,0.2,0.5,1.6,8.1
2020,Omari Spellman,PF,22,GSW,49,3,18.1,2.6,6.0,.431,0.9,2.2,.391,1.7,3.8,.454,.503,1.5,1.9,.793,1.6,2.9,4.5,1.0,0.7,0.5,1.1,1.3,7.6
2020,Max Strus,SG,23,CHI,2,0,3.0,1.0,1.5,.667,0.0,0.5,.000,1.0,1.0,1.000,.667,0.5,0.5,1.000,0.5,0.0,0.5,0.0,0.0,0.0,0.0,0.5,2.5
2020,Edmond Sumner,PG,24,IND,20,2,13.4,1.8,4.0,.438,0.4,1.3,.308,1.4,2.7,.500,.488,0.4,0.7,.615,0.4,1.1,1.5,1.4,0.7,0.3,0.8,1.4,4.3
2020,Caleb Swanigan,PF,22,TOT,18,1,11.1,1.0,2.0,.500,0.0,0.1,.000,1.0,1.9,.529,.500,0.2,0.6,.400,1.2,2.6,3.8,0.9,0.1,0.3,1.3,2.2,2.2
2020,Caleb Swanigan,PF,22,SAC,7,0,3.3,0.3,0.6,.500,0.0,0.0,,0.3,0.6,.500,.500,0.1,0.3,.500,0.3,0.7,1.0,0.3,0.1,0.3,0.9,1.1,0.7
2020,Caleb Swanigan,PF,22,POR,11,1,16.0,1.5,2.9,.500,0.0,0.2,.000,1.5,2.7,.533,.500,0.3,0.7,.375,1.7,3.8,5.5,1.3,0.1,0.4,1.5,2.9,3.2
2020,Jayson Tatum,PF,21,BOS,50,50,34.1,8.1,18.3,.443,2.6,6.9,.382,5.5,11.5,.480,.515,3.6,4.4,.813,1.0,5.9,6.9,2.9,1.4,0.9,2.2,2.1,22.4
2020,Jeff Teague,PG,31,TOT,48,16,26.1,3.7,8.6,.432,0.8,2.1,.370,3.0,6.5,.452,.477,3.1,3.6,.871,0.4,2.1,2.5,5.7,0.8,0.3,2.1,1.9,11.3
2020,Jeff Teague,PG,31,MIN,34,13,27.8,4.3,9.5,.448,1.0,2.6,.379,3.3,7.0,.473,.498,3.7,4.2,.868,0.4,2.1,2.6,6.1,0.7,0.4,2.2,2.1,13.2
2020,Jeff Teague,PG,31,ATL,14,3,21.9,2.4,6.4,.378,0.3,0.9,.308,2.1,5.5,.390,.400,1.7,1.9,.889,0.4,1.9,2.3,4.8,1.0,0.2,1.7,1.5,6.9
2020,Garrett Temple,SG,33,BRK,48,31,28.2,3.6,9.5,.375,2.0,6.3,.326,1.5,3.2,.471,.482,1.0,1.4,.754,0.5,2.8,3.3,2.5,0.8,0.4,1.1,1.8,10.2
2020,Daniel Theis,C,27,BOS,48,47,22.9,3.4,6.2,.547,0.4,1.4,.308,3.0,4.8,.615,.581,1.2,1.6,.718,2.1,4.1,6.2,1.6,0.7,1.4,0.8,3.4,8.3
2020,Isaiah Thomas,PG,30,WAS,40,37,23.1,4.4,10.7,.408,2.0,4.7,.413,2.4,5.9,.405,.500,1.6,1.9,.816,0.3,1.4,1.7,3.7,0.3,0.2,1.9,1.9,12.2
2020,Khyri Thomas,SG,23,DET,2,0,3.0,0.0,0.0,,0.0,0.0,,0.0,0.0,,,0.5,1.0,.500,0.0,0.0,0.0,0.0,0.0,0.0,0.0,0.0,0.5
2020,Matt Thomas,SG,25,TOR,24,0,10.4,1.6,3.3,.488,1.1,2.3,.481,0.5,1.1,.500,.650,0.2,0.3,.714,0.2,1.2,1.4,0.5,0.3,0.0,0.3,0.9,4.5
2020,Tristan Thompson,C,28,CLE,50,48,30.6,5.1,9.9,.512,0.1,0.3,.500,4.9,9.6,.513,.519,1.8,2.9,.639,4.1,6.2,10.3,2.1,0.6,0.9,1.9,2.2,12.1
2020,Matisse Thybulle,SG,22,PHI,47,10,20.3,1.7,4.2,.408,1.0,2.7,.373,0.7,1.5,.471,.528,0.5,0.8,.649,0.5,1.0,1.6,1.2,1.4,0.9,0.9,2.3,4.9
2020,Anthony Tolliver,PF,34,TOT,42,9,15.1,1.1,3.2,.343,0.8,2.5,.308,0.3,0.7,.467,.463,0.3,0.5,.667,0.7,2.2,2.9,0.8,0.3,0.2,0.6,1.4,3.3
2020,Anthony Tolliver,PF,34,POR,33,9,16.8,1.3,3.5,.368,0.9,2.7,.337,0.4,0.8,.464,.496,0.4,0.6,.684,0.8,2.5,3.3,0.9,0.2,0.3,0.6,1.6,3.9
2020,Anthony Tolliver,PF,34,SAC,9,0,9.1,0.3,1.9,.176,0.2,1.7,.133,0.1,0.2,.500,.235,0.1,0.2,.500,0.2,1.0,1.2,0.3,0.4,0.1,0.4,0.7,1.0
2020,Juan Toscano-Anderson,SF,26,GSW,3,0,15.7,1.7,3.3,.500,0.7,0.7,1.000,1.0,2.7,.375,.600,0.0,0.0,,0.0,2.3,2.3,1.0,1.0,0.0,1.0,1.0,4.0
2020,Karl-Anthony Towns,C,24,MIN,35,35,33.9,9.0,17.8,.508,3.3,7.9,.412,5.8,9.9,.586,.600,5.1,6.5,.796,2.7,8.1,10.8,4.4,0.9,1.2,3.1,3.3,26.5
2020,Gary Trent,SG,21,POR,43,2,17.8,2.5,5.7,.429,1.5,3.6,.404,1.0,2.1,.473,.557,0.4,0.5,.905,0.4,1.1,1.5,0.9,0.7,0.2,0.3,1.3,6.8
2020,Allonzo Trier,PG,24,NYK,20,1,12.3,1.9,4.3,.435,0.8,2.3,.326,1.1,2.0,.564,.524,1.6,2.0,.795,0.2,1.1,1.3,1.2,0.1,0.2,1.0,1.2,6.0
2020,P.J. Tucker,PF,34,HOU,54,54,34.9,2.6,6.0,.435,1.5,4.0,.364,1.1,2.0,.579,.557,0.7,0.8,.841,1.5,5.4,7.0,1.6,1.2,0.4,1.1,3.4,7.4
2020,Rayjon Tucker,SG,22,UTA,12,0,6.2,0.7,1.6,.421,0.0,0.5,.000,0.7,1.1,.615,.421,0.3,0.4,.600,0.2,0.8,0.9,0.2,0.1,0.0,0.3,0.6,1.6
2020,Evan Turner,PG,31,ATL,19,0,13.2,1.3,3.5,.373,0.0,0.3,.000,1.3,3.3,.403,.373,0.6,0.7,.857,0.4,1.6,2.0,2.0,0.5,0.4,1.4,1.1,3.3
2020,Myles Turner,C,23,IND,45,45,29.1,4.2,9.3,.451,1.4,4.2,.344,2.7,5.1,.539,.529,2.1,2.7,.764,1.2,5.0,6.1,1.2,0.7,1.9,1.3,2.5,11.9
2020,Jonas Valančiūnas,C,27,MEM,51,51,26.0,6.3,10.7,.587,0.5,1.4,.375,5.7,9.3,.619,.612,1.8,2.5,.722,2.8,7.7,10.5,1.9,0.4,1.2,1.8,2.7,14.9
2020,Denzel Valentine,SF,26,CHI,30,0,12.2,2.2,5.5,.402,1.2,3.4,.356,1.0,2.1,.476,.512,0.2,0.2,1.000,0.1,1.8,1.9,1.1,0.7,0.2,0.7,1.3,5.8
2020,Jarred Vanderbilt,SF-PF,20,TOT,11,0,4.2,0.5,0.7,.625,0.0,0.1,.000,0.5,0.6,.714,.625,0.2,0.2,1.000,0.3,0.5,0.8,0.2,0.3,0.1,0.6,0.5,1.1
2020,Jarred Vanderbilt,SF,20,DEN,9,0,4.6,0.6,0.8,.714,0.0,0.0,,0.6,0.8,.714,.714,0.0,0.0,,0.3,0.6,0.9,0.2,0.3,0.1,0.8,0.7,1.1
2020,Jarred Vanderbilt,PF,20,MIN,2,0,2.5,0.0,0.5,.000,0.0,0.5,.000,0.0,0.0,,.000,1.0,1.0,1.000,0.0,0.5,0.5,0.0,0.0,0.0,0.0,0.0,1.0
2020,Fred VanVleet,PG,25,TOR,45,45,36.0,6.1,14.7,.412,2.8,7.0,.396,3.3,7.8,.427,.506,3.1,3.7,.842,0.4,3.3,3.7,6.8,1.9,0.3,2.3,2.3,18.0
2020,Gabe Vincent,PG,23,MIA,4,0,10.3,1.0,4.8,.211,1.0,4.0,.250,0.0,0.8,.000,.316,0.0,0.0,,0.0,0.8,0.8,0.8,0.3,0.0,0.0,0.5,3.0
2020,Noah Vonleh,C-PF,24,TOT,30,1,12.0,1.6,2.9,.552,0.1,0.5,.200,1.5,2.4,.625,.569,0.8,1.0,.800,1.2,2.8,4.0,0.9,0.4,0.2,0.7,1.3,4.1
2020,Noah Vonleh,C,24,MIN,29,1,12.0,1.6,3.0,.547,0.1,0.5,.143,1.6,2.5,.625,.558,0.8,1.0,.821,1.2,2.8,4.0,0.9,0.4,0.2,0.7,1.2,4.1
2020,Noah Vonleh,PF,24,DEN,1,0,12.0,1.0,1.0,1.000,1.0,1.0,1.000,0.0,0.0,,1.500,1.0,2.0,.500,1.0,3.0,4.0,0.0,0.0,0.0,1.0,2.0,4.0
2020,Nikola Vučević,C,29,ORL,44,44,32.2,7.6,16.6,.458,1.7,4.9,.344,5.9,11.7,.506,.509,2.0,2.6,.776,2.6,8.2,10.8,3.7,0.9,0.9,1.5,2.3,19.0
2020,Dean Wade,PF,23,CLE,10,0,5.4,0.7,1.0,.700,0.2,0.3,.667,0.5,0.7,.714,.800,0.0,0.1,.000,0.2,1.4,1.6,0.1,0.2,0.3,0.3,0.7,1.6
2020,Moritz Wagner,C,22,WAS,26,4,20.3,4.4,7.4,.591,0.9,2.4,.365,3.5,5.0,.700,.650,1.7,2.2,.786,1.4,4.3,5.7,1.3,0.7,0.6,1.9,3.7,11.3
2020,Dion Waiters,SG,28,MIA,3,0,14.0,3.3,8.7,.385,2.7,5.7,.471,0.7,3.0,.222,.538,0.0,0.3,.000,0.0,3.7,3.7,1.0,0.0,0.7,1.0,1.7,9.3
2020,Kemba Walker,PG,29,BOS,46,46,32.2,7.2,16.8,.429,3.4,8.7,.388,3.8,8.1,.474,.530,3.9,4.5,.866,0.7,3.4,4.1,5.0,1.0,0.5,2.1,1.6,21.8
2020,Lonnie Walker,SG,21,SAS,46,3,13.8,2.2,5.1,.438,0.5,1.3,.387,1.7,3.7,.456,.489,0.8,1.1,.706,0.4,1.7,2.0,0.7,0.5,0.2,0.6,1.2,5.7
2020,Tyrone Wallace,SG,25,ATL,14,0,11.4,1.0,3.1,.318,0.1,1.1,.067,0.9,2.1,.448,.330,0.8,1.2,.647,0.2,1.4,1.6,0.9,0.5,0.1,0.7,1.4,2.9
2020,Taurean Waller-Prince,SF,25,BRK,53,53,29.7,4.5,11.7,.383,2.4,6.9,.350,2.1,4.8,.430,.486,1.0,1.3,.775,0.8,5.4,6.2,2.0,0.9,0.4,2.0,2.4,12.4
2020,Derrick Walton,PG,24,LAC,23,1,9.7,0.7,1.6,.472,0.4,0.9,.429,0.3,0.7,.533,.597,0.3,0.4,.778,0.1,0.6,0.7,1.0,0.2,0.0,0.2,0.8,2.2
2020,Brad Wanamaker,PG,30,BOS,53,0,18.8,2.2,5.2,.429,0.5,1.5,.377,1.7,3.7,.449,.482,1.7,1.8,.917,0.2,1.7,2.0,2.7,0.7,0.2,1.1,1.8,6.6
2020,T.J. Warren,SF,26,IND,52,52,32.3,7.4,14.0,.530,1.1,2.9,.373,6.3,11.1,.572,.569,2.6,3.2,.798,0.9,2.8,3.7,1.4,1.2,0.5,1.2,2.7,18.5
2020,P.J. Washington,PF,21,CHO,47,46,30.1,4.4,9.6,.463,1.3,3.3,.376,3.2,6.3,.510,.529,1.5,2.3,.655,0.9,4.6,5.5,2.0,0.9,0.8,1.6,2.8,11.7
2020,Yuta Watanabe,SG,25,MEM,9,0,5.4,0.7,1.6,.429,0.2,0.4,.500,0.4,1.1,.400,.500,0.2,0.4,.500,0.1,0.8,0.9,0.1,0.1,0.1,0.1,0.6,1.8
2020,Tremont Waters,PG,22,BOS,9,0,8.1,1.1,3.1,.357,0.2,1.7,.133,0.9,1.4,.615,.393,0.7,0.7,1.000,0.0,0.8,0.8,1.1,0.6,0.2,0.9,1.1,3.1
2020,Paul Watson,SF-SG,25,TOT,4,0,5.5,0.0,1.8,.000,0.0,0.8,.000,0.0,1.0,.000,.000,0.3,0.5,.500,0.0,0.8,0.8,1.0,0.3,0.0,0.0,0.3,0.3
2020,Paul Watson,SG,25,ATL,2,0,8.5,0.0,3.5,.000,0.0,1.5,.000,0.0,2.0,.000,.000,0.0,0.0,,0.0,1.0,1.0,1.5,0.5,0.0,0.0,0.5,0.0
2020,Paul Watson,SF,25,TOR,2,0,2.5,0.0,0.0,,0.0,0.0,,0.0,0.0,,,0.5,1.0,.500,0.0,0.5,0.5,0.5,0.0,0.0,0.0,0.0,0.5
2020,Quinndary Weatherspoon,SG,23,SAS,1,0,4.0,0.0,1.0,.000,0.0,0.0,,0.0,1.0,.000,.000,0.0,0.0,,0.0,0.0,0.0,0.0,0.0,0.0,0.0,0.0,0.0
2020,Russell Westbrook,PG,31,HOU,45,45,36.0,10.5,22.7,.463,1.0,4.0,.238,9.6,18.7,.512,.484,5.2,6.6,.785,1.6,6.4,8.0,7.2,1.6,0.4,4.4,3.6,27.2
2020,Coby White,SG,19,CHI,55,0,24.3,4.1,10.9,.370,1.8,5.3,.338,2.3,5.7,.401,.452,1.2,1.7,.747,0.5,3.0,3.5,2.4,0.7,0.1,1.5,1.7,11.1
2020,Derrick White,SG,25,SAS,52,11,23.8,3.5,7.6,.458,0.9,2.6,.358,2.6,5.0,.510,.519,2.3,2.7,.849,0.5,2.6,3.1,3.4,0.6,0.8,1.2,2.1,10.2
2020,Hassan Whiteside,C,30,POR,51,51,30.8,6.5,10.6,.613,0.0,0.1,.500,6.5,10.5,.613,.614,2.7,3.8,.710,4.0,10.1,14.1,1.2,0.4,3.0,1.9,3.0,15.7
2020,Andrew Wiggins,SF-SG,24,TOT,45,45,34.5,8.3,18.4,.451,2.2,6.4,.341,6.1,12.0,.509,.510,3.6,5.1,.719,1.1,4.0,5.0,3.7,0.8,0.9,2.6,2.4,22.5
2020,Andrew Wiggins,SF,24,MIN,42,42,34.6,8.4,18.8,.444,2.2,6.5,.331,6.2,12.3,.505,.502,3.5,4.9,.720,1.1,4.1,5.2,3.7,0.7,0.9,2.5,2.4,22.4
2020,Andrew Wiggins,SG,24,GSW,3,3,33.0,7.7,13.3,.575,2.7,5.0,.533,5.0,8.3,.600,.675,5.0,7.0,.714,0.3,2.3,2.7,4.0,2.3,1.7,2.7,2.3,23.0
2020,Grant Williams,PF,21,BOS,52,4,15.6,1.4,3.2,.430,0.4,1.3,.286,1.0,1.8,.537,.491,0.7,0.9,.714,1.0,1.7,2.7,1.1,0.4,0.6,0.8,2.4,3.8
2020,Johnathan Williams,C,24,WAS,11,5,12.3,1.5,2.3,.640,0.0,0.2,.000,1.5,2.1,.696,.640,0.3,0.5,.600,1.4,2.5,3.9,0.5,0.1,0.5,0.4,1.0,3.2
2020,Kenrich Williams,PF,25,NOP,35,18,22.3,1.4,4.1,.343,0.7,2.7,.260,0.7,1.3,.511,.430,0.3,0.7,.375,1.4,3.7,5.1,1.5,0.7,0.6,0.6,2.3,3.8
2020,Lou Williams,SG,33,LAC,52,8,30.0,6.4,15.4,.412,1.8,5.1,.350,4.6,10.3,.443,.470,5.0,5.8,.863,0.4,2.7,3.1,5.9,0.6,0.2,2.9,1.4,19.5
2020,Marvin Williams,PF,33,TOT,42,1,19.7,2.3,5.1,.453,1.1,2.8,.378,1.2,2.3,.547,.558,1.1,1.2,.865,0.4,2.3,2.7,1.0,0.6,0.5,0.6,1.8,6.8
2020,Marvin Williams,PF,33,CHO,41,1,19.7,2.3,5.1,.448,1.1,2.9,.376,1.2,2.3,.538,.552,1.0,1.2,.860,0.4,2.3,2.7,1.0,0.6,0.5,0.6,1.7,6.7
2020,Marvin Williams,PF,33,MIL,1,0,20.0,3.0,4.0,.750,1.0,2.0,.500,2.0,2.0,1.000,.875,2.0,2.0,1.000,1.0,3.0,4.0,0.0,0.0,0.0,0.0,3.0,9.0
2020,Robert Williams,C,22,BOS,19,1,14.2,1.7,2.6,.673,0.0,0.0,,1.7,2.6,.673,.673,0.4,0.7,.571,1.2,3.4,4.6,1.1,0.9,1.1,0.8,1.8,3.9
2020,Nigel Williams-Goss,PG,25,UTA,9,0,3.1,0.1,0.8,.143,0.0,0.2,.000,0.1,0.6,.200,.143,0.2,0.2,1.000,0.2,0.3,0.6,0.6,0.1,0.1,0.2,0.2,0.4
2020,Zion Williamson,PF,19,NOP,10,10,27.4,8.3,14.4,.576,0.4,1.1,.364,7.9,13.3,.594,.590,5.1,7.8,.654,3.5,4.0,7.5,2.2,0.7,0.4,2.8,1.7,22.1
2020,D.J. Wilson,PF,23,MIL,26,0,9.0,1.2,3.0,.405,0.4,1.7,.244,0.8,1.3,.618,.475,0.2,0.3,.714,0.2,1.8,2.0,0.7,0.0,0.2,0.5,0.8,3.1
2020,Justise Winslow,SF,23,MIA,11,5,32.0,4.5,11.7,.388,0.5,2.5,.222,4.0,9.3,.431,.411,1.6,2.5,.667,1.5,5.2,6.6,4.0,0.6,0.5,2.2,3.5,11.3
2020,Christian Wood,PF,24,DET,53,5,19.1,3.9,6.9,.565,0.8,2.0,.385,3.2,5.0,.636,.620,2.6,3.5,.738,1.5,4.3,5.7,0.8,0.5,0.8,1.2,1.4,11.2
2020,Delon Wright,SG,27,DAL,53,4,21.1,2.7,5.9,.463,0.6,1.8,.366,2.1,4.2,.505,.518,1.2,1.5,.772,1.1,2.7,3.8,3.4,1.1,0.3,0.9,1.3,7.3
2020,Thaddeus Young,PF,31,CHI,54,10,24.0,4.0,9.0,.441,1.1,3.3,.339,2.9,5.7,.500,.503,0.6,1.1,.586,1.4,3.3,4.7,1.7,1.2,0.3,1.6,2.0,9.7
2020,Trae Young,PG,21,ATL,50,50,35.2,9.2,20.7,.443,3.5,9.4,.369,5.7,11.3,.505,.527,7.8,9.2,.852,0.6,3.8,4.4,9.2,1.2,0.1,4.9,1.7,29.7
2020,Cody Zeller,C,27,CHO,50,31,23.1,4.3,8.5,.511,0.3,1.4,.243,4.0,7.1,.564,.531,2.0,2.9,.688,2.8,4.3,7.1,1.5,0.7,0.5,1.3,2.5,11.0
2020,Ante Žižić,C,23,CLE,16,0,9.9,1.8,3.1,.571,0.0,0.0,,1.8,3.1,.571,.571,0.8,0.9,.867,0.9,2.6,3.4,0.2,0.4,0.3,0.3,1.3,4.3
2020,Ivica Zubac,C,22,LAC,55,53,17.8,3.2,5.3,.602,0.0,0.0,.000,3.2,5.3,.606,.602,1.6,2.2,.733,2.5,4.5,7.0,1.1,0.2,1.0,0.9,2.4,8.0